nb_win_team_home,nb_win_team_away,ranking_team_home,ranking_team_home,result
0,0,8.0,14.0,LAL
0,0,10.0,24.0,PHO
0,0,4.0,1.0,ATL
0,0,20.0,2.0,BOS
0,0,3.0,6.0,CLE
0,0,27.0,7.0,DAL
0,0,16.0,9.0,DET
0,0,22.0,11.0,HOU
0,0,28.0,18.0,MIN
0,0,15.0,19.0,NOP
0,0,5.0,21.0,OKC
0,0,13.0,25.0,POR
0,0,29.0,26.0,SAC
0,0,12.0,30.0,WAS
0,0,18.0,24.0,PHI
0,1,15.0,1.0,PHO
1,0,4.0,14.0,BRK
0,1,21.0,5.0,DEN
1,0,2.0,16.0,DET
1,0,11.0,17.0,GSW
0,0,28.0,18.0,HOU
0,1,29.0,6.0,LAC
1,1,1.0,7.0,MIA
0,0,13.0,25.0,NYK
1,1,3.0,8.0,OKC
0,1,27.0,9.0,ORL
0,1,15.0,12.0,TOR
1,1,7.0,3.0,CHI
1,1,4.0,8.0,IND
0,0,30.0,24.0,MEM
0,1,26.0,10.0,MIA
1,1,11.0,12.0,NYK
1,0,17.0,27.0,PHI
1,1,15.0,18.0,UTA
1,0,14.0,24.0,ATL
2,2,2.0,1.0,DEN
0,1,26.0,9.0,GSW
1,1,20.0,12.0,LAL
1,0,18.0,29.0,POR
1,1,11.0,21.0,SAS
1,2,26.0,2.0,BOS
1,0,11.0,27.0,BRK
2,1,6.0,12.0,CHI
0,2,29.0,3.0,DAL
2,2,8.0,4.0,DET
2,2,7.0,5.0,GSW
1,1,17.0,16.0,MIA
1,1,10.0,18.0,MIN
1,2,15.0,9.0,ORL
1,0,24.0,30.0,POR
3,1,1.0,25.0,UTA
1,1,15.0,20.0,NYK
2,2,7.0,10.0,ORL
2,1,11.0,23.0,SAS
1,1,21.0,18.0,BRK
3,2,3.0,8.0,CHI
0,1,29.0,19.0,CHO
2,1,14.0,20.0,CLE
1,4,22.0,1.0,DEN
3,2,2.0,10.0,IND
2,3,11.0,5.0,LAC
1,0,27.0,30.0,MEM
1,2,26.0,12.0,MIL
3,2,6.0,13.0,NOP
2,1,9.0,24.0,POR
3,2,4.0,17.0,SAC
2,1,7.0,28.0,WAS
3,2,6.0,10.0,DET
2,2,21.0,15.0,ORL
2,2,17.0,19.0,SAS
2,2,16.0,20.0,TOR
2,2,10.0,9.0,BRK
2,2,13.0,11.0,CLE
4,4,2.0,1.0,DAL
3,4,7.0,3.0,GSW
2,0,20.0,30.0,MEM
2,2,15.0,16.0,NYK
1,1,26.0,28.0,WAS
4,3,5.0,6.0,ATL
3,4,7.0,2.0,BOS
5,2,1.0,14.0,CHI
3,1,8.0,26.0,CHO
3,3,12.0,10.0,LAL
3,2,13.0,20.0,PHO
1,2,27.0,22.0,SAC
2,2,18.0,25.0,UTA
4,2,4.0,16.0,CHO
2,5,18.0,2.0,GSW
3,0,14.0,30.0,MEM
2,2,19.0,23.0,PHO
3,2,15.0,25.0,TOR
3,4,15.0,5.0,ATL
3,5,14.0,2.0,BOS
4,5,7.0,3.0,DAL
2,5,21.0,4.0,GSW
2,3,24.0,11.0,LAC
2,3,23.0,12.0,LAL
3,3,9.0,13.0,MIL
6,4,1.0,6.0,NOP
2,2,22.0,26.0,SAC
3,3,10.0,17.0,SAS
2,2,19.0,28.0,UTA
4,1,8.0,29.0,WAS
5,5,5.0,4.0,BOS
4,3,11.0,15.0,CLE
4,2,8.0,26.0,DET
7,6,1.0,3.0,GSW
3,3,13.0,17.0,LAC
3,3,16.0,18.0,LAL
1,3,29.0,19.0,MIA
4,4,9.0,10.0,NOP
3,3,14.0,21.0,PHO
2,3,27.0,22.0,POR
3,3,20.0,23.0,SAS
6,3,2.0,24.0,TOR
4,2,7.0,28.0,UTA
2,1,25.0,30.0,WAS
4,4,12.0,8.0,ATL
5,5,5.0,6.0,MIL
5,4,5.0,11.0,BRK
2,2,29.0,26.0,CHO
6,3,2.0,18.0,LAC
4,3,15.0,19.0,LAL
3,5,24.0,8.0,MIN
4,4,12.0,13.0,NOP
3,5,23.0,9.0,OKC
2,6,27.0,4.0,PHI
1,2,30.0,28.0,UTA
6,3,4.0,19.0,CLE
5,4,6.0,13.0,MIA
4,5,15.0,8.0,MIL
6,4,2.0,17.0,TOR
4,3,16.0,20.0,CHO
4,7,15.0,2.0,DAL
5,8,9.0,1.0,DEN
3,2,21.0,27.0,DET
7,6,3.0,6.0,IND
3,1,23.0,30.0,MEM
3,5,26.0,10.0,MIA
6,6,5.0,7.0,MIN
4,5,18.0,12.0,OKC
4,3,14.0,24.0,POR
4,2,13.0,29.0,WAS
5,4,11.0,15.0,CHI
4,4,21.0,16.0,CLE
7,5,2.0,12.0,NYK
4,2,22.0,29.0,WAS
2,5,28.0,10.0,ATL
4,8,19.0,1.0,DAL
8,6,3.0,7.0,IND
8,3,2.0,24.0,LAC
5,2,13.0,29.0,MEM
3,6,23.0,8.0,MIA
6,7,6.0,5.0,MIN
5,5,11.0,16.0,ORL
3,3,27.0,25.0,POR
6,3,9.0,26.0,SAS
8,8,5.0,1.0,BOS
3,4,25.0,20.0,CLE
2,8,30.0,2.0,DAL
5,6,18.0,11.0,MIL
4,8,22.0,4.0,MIN
6,5,6.0,15.0,NYK
4,5,19.0,16.0,ORL
6,5,9.0,17.0,SAC
7,6,6.0,9.0,BRK
6,7,10.0,7.0,OKC
5,9,21.0,1.0,BOS
5,9,19.0,2.0,DEN
5,2,18.0,28.0,DET
3,6,25.0,12.0,HOU
3,6,26.0,14.0,LAL
3,7,24.0,7.0,MIL
2,6,30.0,15.0,NYK
4,6,22.0,16.0,ORL
6,8,9.0,5.0,PHI
4,5,23.0,20.0,PHO
3,6,27.0,17.0,SAC
8,9,5.0,2.0,DAL
3,2,27.0,29.0,MEM
4,8,22.0,4.0,MIA
6,8,16.0,6.0,MIN
3,7,24.0,9.0,NYK
6,8,12.0,7.0,OKC
3,10,26.0,1.0,BOS
6,9,16.0,3.0,DEN
5,2,21.0,29.0,DET
7,6,10.0,18.0,HOU
3,9,27.0,4.0,OKC
7,7,9.0,12.0,ORL
6,9,15.0,5.0,PHI
4,6,23.0,20.0,PHO
9,7,2.0,13.0,SAC
3,11,25.0,1.0,BOS
2,9,29.0,3.0,DEN
6,6,17.0,18.0,HOU
3,4,28.0,23.0,LAC
5,8,21.0,8.0,MIA
2,9,30.0,4.0,MIL
9,8,5.0,9.0,NYK
6,8,19.0,10.0,SAC
10,7,2.0,13.0,CLE
6,7,16.0,14.0,IND
7,3,15.0,27.0,POR
8,6,11.0,21.0,TOR
8,4,8.0,24.0,UTA
6,6,18.0,19.0,BRK
10,5,5.0,22.0,CHI
9,9,8.0,7.0,DAL
9,10,10.0,2.0,DEN
8,7,14.0,16.0,GSW
3,5,28.0,23.0,LAC
6,3,20.0,26.0,MEM
8,9,11.0,9.0,MIA
11,10,1.0,3.0,MIL
10,10,4.0,6.0,PHI
7,8,17.0,15.0,SAC
8,6,12.0,21.0,TOR
3,4,27.0,25.0,UTA
4,2,24.0,30.0,WAS
10,12,7.0,1.0,BOS
7,5,19.0,23.0,CHI
7,10,18.0,3.0,DEN
8,2,13.0,29.0,DET
8,10,15.0,4.0,MIA
6,8,22.0,14.0,NOP
3,9,26.0,11.0,PHO
11,8,2.0,16.0,SAC
7,3,17.0,28.0,SAS
10,2,5.0,30.0,WAS
2,7,30.0,17.0,ATL
6,10,22.0,4.0,DAL
8,9,13.0,10.0,LAL
6,10,21.0,6.0,MIA
4,9,25.0,11.0,NOP
11,10,3.0,9.0,PHI
12,8,1.0,14.0,ATL
7,5,19.0,24.0,CHI
11,5,5.0,23.0,CHO
3,11,27.0,3.0,MIN
9,10,13.0,10.0,PHO
11,4,2.0,25.0,POR
10,3,7.0,28.0,SAS
8,8,15.0,18.0,TOR
7,11,22.0,2.0,DEN
11,10,7.0,9.0,LAL
5,9,25.0,13.0,NOP
9,4,12.0,26.0,POR
2,2,29.0,30.0,WAS
9,8,12.0,17.0,ATL
13,5,1.0,24.0,CHI
9,5,15.0,23.0,CHO
9,8,16.0,19.0,GSW
10,8,8.0,20.0,HOU
10,12,10.0,2.0,MIL
12,11,3.0,5.0,OKC
8,8,18.0,21.0,TOR
12,8,2.0,20.0,HOU
10,7,12.0,22.0,LAC
2,10,30.0,10.0,LAL
9,12,15.0,6.0,PHI
8,11,21.0,8.0,PHO
3,6,27.0,23.0,UTA
12,3,5.0,29.0,WAS
3,8,28.0,18.0,ATL
9,5,15.0,24.0,CHO
10,2,13.0,30.0,DET
10,9,12.0,16.0,IND
8,8,19.0,21.0,LAC
11,11,8.0,7.0,LAL
5,13,25.0,2.0,MIL
10,5,10.0,26.0,POR
13,6,3.0,23.0,UTA
11,13,11.0,2.0,DEN
11,4,7.0,27.0,MEM
9,11,18.0,9.0,NYK
14,12,1.0,6.0,PHI
10,3,14.0,28.0,SAS
13,3,5.0,29.0,WAS
13,9,5.0,16.0,ATL
2,10,30.0,14.0,CLE
10,14,15.0,2.0,DEN
8,9,22.0,18.0,GSW
11,8,9.0,21.0,HOU
11,9,10.0,19.0,IND
11,5,13.0,27.0,MEM
6,14,23.0,3.0,MIN
6,11,24.0,11.0,NOP
11,12,8.0,6.0,OKC
9,14,17.0,4.0,ORL
6,6,26.0,25.0,POR
10,15,16.0,1.0,BOS
11,11,14.0,11.0,NOP
14,12,3.0,7.0,NYK
12,12,6.0,10.0,PHO
9,10,18.0,16.0,BRK
7,6,23.0,25.0,CHO
9,14,20.0,3.0,DEN
2,5,30.0,27.0,MEM
9,11,21.0,13.0,MIA
8,13,22.0,6.0,OKC
11,14,11.0,5.0,ORL
3,12,29.0,9.0,PHI
9,6,19.0,26.0,POR
15,3,2.0,28.0,SAS
11,7,12.0,24.0,UTA
15,11,2.0,14.0,IND
13,12,6.0,8.0,NOP
13,9,8.0,20.0,ATL
3,8,28.0,23.0,CHI
12,12,11.0,9.0,CLE
6,12,27.0,10.0,DAL
14,2,5.0,30.0,DET
13,10,7.0,18.0,GSW
14,9,4.0,21.0,HOU
7,10,24.0,19.0,LAC
6,16,26.0,1.0,MIN
15,12,2.0,13.0,NYK
12,11,14.0,17.0,SAC
6,9,25.0,22.0,TOR
11,3,15.0,29.0,WAS
12,12,17.0,11.0,BRK
15,9,3.0,22.0,CHI
15,13,4.0,8.0,CLE
6,13,26.0,9.0,DAL
9,14,21.0,5.0,DEN
2,12,30.0,12.0,IND
7,12,24.0,13.0,MIA
12,17,14.0,1.0,MIN
11,6,18.0,27.0,POR
10,3,20.0,28.0,SAS
12,9,15.0,23.0,TOR
14,7,6.0,25.0,UTA
14,3,7.0,29.0,WAS
16,13,2.0,10.0,CLE
9,15,22.0,3.0,DEN
12,10,18.0,19.0,GSW
14,14,6.0,7.0,LAL
12,13,14.0,11.0,SAC
9,9,23.0,21.0,ATL
13,12,15.0,17.0,BRK
13,7,12.0,24.0,CHO
16,13,3.0,11.0,IND
3,14,28.0,8.0,LAL
11,6,19.0,26.0,MEM
3,13,29.0,13.0,NOP
7,13,25.0,14.0,NYK
2,15,30.0,6.0,PHI
16,13,3.0,11.0,BRK
14,9,10.0,22.0,CHI
17,13,1.0,12.0,CLE
13,10,14.0,20.0,GSW
15,17,5.0,2.0,MIN
13,15,18.0,6.0,OKC
6,8,27.0,24.0,UTA
10,9,21.0,22.0,ATL
16,2,6.0,30.0,DET
6,12,26.0,19.0,HOU
3,13,29.0,14.0,IND
3,15,28.0,8.0,LAL
7,14,25.0,11.0,NOP
13,13,17.0,16.0,NYK
18,16,1.0,5.0,ORL
13,10,16.0,20.0,ATL
10,13,22.0,15.0,BRK
14,10,11.0,21.0,CHI
6,15,27.0,7.0,DAL
17,2,4.0,30.0,DET
18,13,2.0,17.0,IND
14,14,10.0,13.0,NYK
17,15,3.0,9.0,OKC
7,17,25.0,5.0,PHI
14,9,14.0,24.0,UTA
6,11,27.0,20.0,GSW
18,13,2.0,17.0,HOU
4,15,28.0,9.0,NOP
19,16,1.0,6.0,ORL
13,4,19.0,29.0,WAS
9,13,24.0,16.0,BRK
18,10,4.0,22.0,CHI
10,7,23.0,25.0,CHO
17,16,5.0,6.0,DAL
10,2,21.0,30.0,DET
14,13,14.0,17.0,HOU
13,15,18.0,9.0,LAC
16,6,7.0,26.0,MEM
15,19,11.0,2.0,MIN
15,14,10.0,15.0,NYK
15,4,13.0,29.0,WAS
12,20,20.0,1.0,BOS
16,6,7.0,26.0,MEM
6,14,27.0,16.0,PHO
19,4,2.0,28.0,SAS
13,11,18.0,21.0,ATL
16,20,11.0,1.0,BOS
13,7,19.0,25.0,CHO
11,18,23.0,4.0,DEN
16,16,6.0,7.0,LAC
11,15,22.0,13.0,LAL
16,15,10.0,14.0,MIA
18,20,5.0,2.0,MIN
13,15,17.0,15.0,NYK
15,10,12.0,24.0,UTA
7,14,26.0,16.0,IND
17,17,7.0,6.0,LAC
20,15,3.0,13.0,LAL
16,16,8.0,10.0,NOP
20,16,2.0,11.0,ORL
12,4,20.0,28.0,SAS
2,10,30.0,24.0,UTA
7,4,27.0,29.0,WAS
16,12,10.0,21.0,ATL
13,16,20.0,9.0,DAL
13,19,18.0,4.0,DEN
16,14,13.0,17.0,PHO
19,11,5.0,23.0,TOR
13,5,19.0,28.0,WAS
17,21,7.0,1.0,BOS
13,16,21.0,10.0,CLE
7,20,26.0,4.0,DEN
13,2,20.0,30.0,DET
17,14,8.0,17.0,HOU
18,15,6.0,15.0,LAL
12,8,22.0,25.0,MEM
16,21,13.0,2.0,MIL
17,21,9.0,3.0,MIN
14,16,18.0,14.0,ORL
14,7,16.0,27.0,POR
16,4,11.0,29.0,SAS
11,11,23.0,24.0,UTA
16,22,13.0,1.0,BOS
14,17,19.0,7.0,DAL
21,15,3.0,16.0,GSW
16,22,14.0,2.0,MIL
17,20,9.0,5.0,PHI
13,12,21.0,22.0,ATL
2,14,30.0,18.0,BRK
17,7,8.0,26.0,CHO
15,14,17.0,19.0,IND
17,9,10.0,25.0,MEM
18,22,6.0,3.0,MIN
5,17,28.0,11.0,ORL
7,17,27.0,12.0,SAC
4,12,29.0,23.0,UTA
18,17,7.0,9.0,CLE
15,22,16.0,2.0,MIL
19,17,6.0,13.0,NYK
18,20,8.0,5.0,PHI
15,14,18.0,20.0,PHO
5,11,28.0,24.0,TOR
16,7,15.0,27.0,CHO
22,18,4.0,7.0,DAL
23,2,1.0,30.0,DET
14,15,20.0,19.0,IND
22,10,2.0,25.0,MEM
15,18,17.0,8.0,MIA
8,4,26.0,29.0,SAS
17,13,12.0,22.0,UTA
5,15,29.0,16.0,BRK
15,7,20.0,27.0,CHO
18,10,9.0,25.0,MEM
18,23,7.0,3.0,MIL
18,17,11.0,13.0,NYK
23,20,2.0,6.0,OKC
15,21,18.0,5.0,PHI
12,17,23.0,14.0,SAC
8,5,26.0,28.0,SAS
24,12,1.0,24.0,TOR
15,18,18.0,9.0,DAL
23,17,4.0,12.0,LAL
13,19,22.0,7.0,MIA
16,17,16.0,14.0,NYK
14,22,21.0,5.0,PHI
2,12,30.0,24.0,TOR
6,12,28.0,23.0,ATL
5,25,29.0,1.0,BOS
21,15,6.0,18.0,BRK
18,17,12.0,14.0,LAL
16,19,17.0,8.0,ORL
10,18,25.0,13.0,SAC
23,7,4.0,27.0,CHO
12,18,24.0,11.0,CLE
14,19,22.0,7.0,DAL
15,3,20.0,30.0,DET
24,17,2.0,14.0,IND
19,19,8.0,9.0,MIA
17,24,16.0,3.0,MIN
17,9,17.0,26.0,POR
22,26,5.0,1.0,BOS
19,15,10.0,18.0,BRK
22,15,6.0,19.0,CHI
19,7,12.0,27.0,CHO
15,19,20.0,11.0,ORL
10,5,25.0,29.0,SAS
16,15,18.0,19.0,BRK
18,15,15.0,20.0,CHI
15,3,22.0,30.0,DET
18,20,16.0,7.0,LAC
17,19,17.0,10.0,MIA
18,24,14.0,2.0,MIL
24,20,3.0,8.0,NOP
13,23,23.0,5.0,OKC
19,19,12.0,11.0,ORL
19,9,9.0,26.0,POR
11,13,25.0,24.0,TOR
18,6,13.0,28.0,WAS
16,24,18.0,2.0,DEN
5,24,29.0,3.0,MIL
19,14,13.0,23.0,ATL
15,8,22.0,27.0,CHO
16,3,19.0,30.0,DET
21,21,8.0,7.0,LAC
17,11,18.0,25.0,MEM
18,20,16.0,10.0,MIA
17,24,17.0,4.0,MIN
23,19,6.0,14.0,NYK
15,23,21.0,5.0,OKC
25,19,2.0,15.0,ORL
20,9,9.0,26.0,POR
20,14,11.0,24.0,TOR
26,16,1.0,20.0,UTA
19,6,12.0,28.0,WAS
20,27,10.0,1.0,BOS
17,25,17.0,3.0,MIL
6,20,28.0,12.0,NYK
23,16,6.0,20.0,UTA
20,14,15.0,23.0,ATL
25,3,2.0,30.0,DET
17,22,19.0,7.0,LAC
19,12,16.0,25.0,MEM
21,25,8.0,4.0,MIN
21,21,10.0,9.0,NOP
16,9,20.0,26.0,POR
20,5,11.0,29.0,SAS
17,14,17.0,24.0,TOR
20,28,12.0,1.0,BOS
8,16,27.0,22.0,CHI
20,18,13.0,17.0,HOU
6,23,28.0,5.0,OKC
22,19,7.0,16.0,PHO
25,17,3.0,20.0,UTA
22,13,7.0,25.0,MEM
21,25,11.0,4.0,MIN
21,10,10.0,26.0,POR
3,21,30.0,12.0,SAC
18,15,18.0,23.0,TOR
18,26,19.0,2.0,DEN
17,18,20.0,17.0,HOU
28,26,1.0,3.0,MIN
17,22,21.0,9.0,NOP
21,24,12.0,5.0,OKC
14,23,24.0,7.0,PHI
8,22,27.0,10.0,SAC
3,5,30.0,29.0,SAS
23,15,6.0,23.0,TOR
21,6,11.0,28.0,WAS
25,29,4.0,1.0,BOS
21,16,12.0,22.0,BRK
22,22,8.0,10.0,NYK
19,19,16.0,17.0,PHO
25,10,5.0,26.0,POR
6,8,28.0,27.0,CHO
18,17,19.0,21.0,GSW
3,18,30.0,20.0,HOU
15,22,23.0,11.0,IND
14,24,25.0,6.0,LAC
26,23,2.0,7.0,NOP
21,21,14.0,15.0,ORL
26,10,3.0,26.0,POR
23,23,8.0,9.0,SAC
19,15,18.0,24.0,TOR
7,18,28.0,20.0,CHI
26,18,3.0,21.0,GSW
29,19,1.0,17.0,HOU
20,19,16.0,18.0,LAL
23,23,7.0,8.0,NOP
14,22,25.0,12.0,NYK
26,21,5.0,15.0,ORL
15,6,23.0,29.0,WAS
22,8,12.0,27.0,CHO
27,23,2.0,8.0,IND
27,25,4.0,6.0,LAC
10,20,26.0,16.0,PHO
27,23,3.0,11.0,SAC
15,30,24.0,1.0,BOS
22,19,14.0,18.0,CHI
7,3,29.0,30.0,DET
14,18,25.0,21.0,GSW
24,19,8.0,19.0,HOU
21,23,16.0,10.0,IND
16,23,22.0,11.0,MIA
23,24,9.0,7.0,NOP
19,27,20.0,5.0,OKC
23,21,12.0,15.0,ORL
15,7,23.0,28.0,SAS
25,28,7.0,2.0,DEN
25,27,6.0,5.0,OKC
21,23,16.0,13.0,SAC
10,16,26.0,23.0,BRK
24,8,10.0,27.0,CHO
20,24,18.0,8.0,DAL
23,19,13.0,20.0,HOU
15,24,24.0,9.0,MIA
23,28,11.0,3.0,MIL
4,28,30.0,4.0,MIN
16,22,22.0,15.0,ORL
31,7,1.0,28.0,SAS
16,19,24.0,19.0,CHI
23,23,14.0,13.0,IND
29,15,2.0,25.0,MEM
22,27,16.0,5.0,OKC
24,7,11.0,29.0,WAS
24,17,11.0,22.0,ATL
21,16,18.0,23.0,BRK
32,28,1.0,3.0,DEN
11,24,26.0,10.0,IND
22,26,15.0,6.0,PHI
25,22,8.0,16.0,PHO
8,7,27.0,28.0,SAS
18,24,21.0,10.0,CLE
20,15,19.0,25.0,MEM
4,28,30.0,4.0,MIL
30,28,2.0,5.0,OKC
9,27,27.0,6.0,PHI
7,7,29.0,28.0,SAS
25,16,9.0,24.0,TOR
19,22,20.0,17.0,UTA
20,32,20.0,1.0,BOS
26,17,7.0,23.0,BRK
7,29,29.0,3.0,DEN
23,24,14.0,12.0,IND
22,24,16.0,13.0,MIA
21,12,18.0,26.0,POR
23,18,16.0,21.0,ATL
24,33,11.0,1.0,BOS
24,21,14.0,18.0,CHI
30,9,2.0,27.0,CHO
23,25,15.0,8.0,CLE
16,15,24.0,25.0,MEM
4,29,30.0,4.0,MIL
28,8,6.0,28.0,SAS
24,30,12.0,2.0,DEN
27,22,7.0,17.0,LAL
17,26,23.0,8.0,NYK
29,12,5.0,26.0,POR
25,22,10.0,18.0,UTA
18,18,22.0,21.0,ATL
4,10,30.0,27.0,CHO
30,26,3.0,8.0,CLE
24,16,14.0,24.0,MEM
7,30,29.0,4.0,MIN
8,30,28.0,5.0,OKC
24,25,12.0,11.0,PHO
20,12,20.0,26.0,POR
24,34,14.0,1.0,BOS
22,21,17.0,19.0,CHI
27,31,8.0,2.0,DEN
17,31,23.0,3.0,MIN
24,29,13.0,6.0,PHI
19,24,21.0,15.0,SAC
7,22,29.0,18.0,UTA
31,26,3.0,9.0,CLE
18,24,22.0,13.0,DAL
10,20,27.0,20.0,HOU
16,28,25.0,7.0,LAC
26,31,10.0,5.0,OKC
17,23,24.0,16.0,ORL
25,26,12.0,11.0,PHO
8,13,28.0,26.0,POR
17,21,23.0,20.0,HOU
35,29,1.0,6.0,LAC
19,23,21.0,16.0,LAL
28,24,8.0,15.0,MIA
9,32,28.0,2.0,MIN
31,26,4.0,10.0,NOP
31,29,3.0,7.0,PHI
25,25,12.0,14.0,SAC
10,23,27.0,18.0,UTA
5,7,30.0,29.0,WAS
13,21,26.0,19.0,CHI
26,18,10.0,23.0,MEM
5,32,30.0,3.0,OKC
23,26,17.0,12.0,PHO
18,16,22.0,25.0,TOR
27,30,9.0,6.0,LAC
21,24,20.0,15.0,LAL
32,32,2.0,3.0,MIL
32,32,5.0,4.0,MIN
35,26,1.0,11.0,NOP
10,29,27.0,7.0,NYK
25,24,14.0,17.0,ORL
13,29,26.0,8.0,PHI
24,26,16.0,12.0,PHO
18,26,24.0,13.0,SAC
18,24,23.0,18.0,UTA
10,8,28.0,29.0,WAS
36,27,1.0,10.0,IND
19,24,21.0,15.0,LAL
19,29,22.0,8.0,PHI
22,16,19.0,25.0,TOR
30,24,7.0,18.0,UTA
10,22,27.0,19.0,CHI
33,26,3.0,13.0,DAL
32,33,5.0,2.0,DEN
28,6,9.0,30.0,DET
9,30,29.0,6.0,LAC
14,32,26.0,4.0,MIL
22,26,20.0,14.0,NOP
10,24,28.0,17.0,ORL
19,27,22.0,11.0,PHO
24,27,16.0,12.0,SAC
18,29,24.0,8.0,CLE
31,27,6.0,10.0,IND
37,24,1.0,15.0,LAL
24,29,18.0,9.0,PHI
33,10,4.0,27.0,CHO
18,20,24.0,22.0,GSW
6,31,30.0,6.0,LAC
9,25,29.0,15.0,MIA
10,27,28.0,12.0,NOP
34,25,2.0,16.0,ORL
20,28,21.0,10.0,PHO
33,15,3.0,26.0,POR
27,27,11.0,13.0,SAC
22,17,20.0,25.0,TOR
30,19,9.0,23.0,BRK
10,30,28.0,8.0,CLE
21,21,21.0,22.0,GSW
32,25,6.0,15.0,LAL
26,32,14.0,5.0,MIL
23,28,19.0,11.0,SAC
34,23,3.0,20.0,HOU
10,27,27.0,12.0,IND
26,32,15.0,6.0,LAC
37,18,1.0,24.0,MEM
24,33,18.0,5.0,MIL
6,26,30.0,16.0,ORL
9,28,29.0,10.0,PHO
34,15,2.0,26.0,POR
34,17,4.0,25.0,TOR
30,26,9.0,14.0,DAL
20,21,23.0,22.0,GSW
22,33,21.0,5.0,LAC
10,26,27.0,15.0,LAL
31,29,8.0,10.0,SAC
28,17,11.0,25.0,TOR
20,27,23.0,14.0,DAL
28,23,12.0,20.0,HOU
32,18,7.0,24.0,MEM
29,33,10.0,6.0,MIL
23,35,19.0,2.0,MIN
25,35,18.0,3.0,OKC
26,27,17.0,15.0,ORL
38,22,1.0,21.0,ATL
9,32,29.0,7.0,CLE
29,6,12.0,30.0,DET
30,22,9.0,22.0,GSW
34,29,5.0,10.0,NOP
27,10,15.0,28.0,SAS
10,17,27.0,25.0,TOR
18,24,24.0,19.0,CHI
20,33,23.0,6.0,CLE
33,28,8.0,14.0,DAL
27,35,15.0,2.0,DEN
15,7,26.0,30.0,DET
29,23,11.0,20.0,GSW
33,35,7.0,3.0,MIN
27,10,17.0,28.0,SAS
30,26,10.0,18.0,UTA
30,22,10.0,22.0,ATL
33,10,7.0,27.0,CHO
29,36,13.0,2.0,DEN
18,23,25.0,21.0,HOU
27,30,15.0,9.0,NOP
39,9,1.0,29.0,WAS
28,25,15.0,19.0,CHI
19,34,24.0,5.0,CLE
34,8,6.0,30.0,DET
23,23,21.0,22.0,HOU
33,29,8.0,13.0,IND
10,18,27.0,25.0,MEM
15,30,26.0,10.0,NOP
29,35,12.0,4.0,OKC
9,30,29.0,11.0,PHI
24,31,20.0,9.0,PHO
20,10,23.0,28.0,SAS
28,40,15.0,1.0,BOS
35,30,4.0,12.0,SAC
24,25,21.0,19.0,CHI
34,36,7.0,2.0,DEN
26,25,18.0,20.0,GSW
11,30,27.0,13.0,IND
35,36,5.0,3.0,MIN
18,31,25.0,9.0,NOP
23,33,22.0,8.0,NYK
35,31,4.0,10.0,PHI
19,10,24.0,28.0,SAS
30,9,12.0,29.0,WAS
21,41,23.0,1.0,BOS
28,8,16.0,30.0,DET
35,28,7.0,17.0,MIA
15,37,26.0,2.0,MIN
29,36,15.0,4.0,OKC
31,30,11.0,14.0,SAC
12,24,27.0,21.0,ATL
42,21,1.0,23.0,BRK
35,26,5.0,18.0,CHI
32,8,11.0,30.0,DET
18,24,25.0,22.0,HOU
19,30,24.0,13.0,IND
26,35,19.0,6.0,LAC
26,29,20.0,15.0,LAL
32,29,10.0,16.0,MIA
29,33,17.0,8.0,NYK
36,30,3.0,14.0,SAC
31,11,12.0,28.0,SAS
32,9,9.0,29.0,WAS
26,26,20.0,19.0,GSW
19,35,24.0,7.0,MIL
15,38,26.0,2.0,MIN
26,43,19.0,1.0,BOS
19,21,25.0,23.0,BRK
26,13,20.0,27.0,CHO
31,8,13.0,30.0,DET
33,24,8.0,22.0,HOU
37,36,3.0,6.0,LAC
27,30,18.0,15.0,LAL
32,33,12.0,9.0,NYK
36,30,4.0,16.0,ORL
32,33,11.0,10.0,PHO
31,11,14.0,28.0,SAS
36,9,5.0,29.0,WAS
28,14,18.0,27.0,CHO
32,36,12.0,5.0,CLE
15,37,26.0,4.0,DEN
20,36,24.0,6.0,LAC
34,30,8.0,16.0,MIA
39,35,2.0,7.0,MIL
24,33,22.0,10.0,PHO
30,11,15.0,28.0,SAS
24,20,21.0,25.0,TOR
38,9,3.0,29.0,WAS
34,44,9.0,1.0,BOS
39,21,2.0,23.0,BRK
8,31,30.0,14.0,ORL
34,26,8.0,19.0,CHI
15,14,26.0,27.0,CHO
9,36,29.0,6.0,CLE
32,33,13.0,10.0,DAL
29,38,18.0,4.0,DEN
33,31,12.0,16.0,LAL
33,36,11.0,7.0,MIL
25,39,21.0,3.0,OKC
24,32,22.0,14.0,ORL
37,32,5.0,15.0,SAC
26,11,20.0,28.0,SAS
20,21,25.0,23.0,BRK
34,8,9.0,30.0,DET
33,31,14.0,17.0,MIA
33,21,11.0,24.0,TOR
32,22,16.0,23.0,BRK
37,15,7.0,26.0,CHO
37,33,5.0,10.0,DAL
27,8,19.0,30.0,DET
9,29,29.0,18.0,GSW
40,25,3.0,22.0,HOU
15,32,27.0,15.0,MIA
35,34,8.0,9.0,NOP
45,33,1.0,12.0,PHI
40,11,2.0,28.0,SAS
25,27,21.0,20.0,UTA
27,38,19.0,5.0,CLE
22,33,24.0,10.0,DAL
37,31,6.0,17.0,LAL
41,20,2.0,25.0,MEM
33,35,11.0,8.0,NOP
39,33,4.0,14.0,SAC
22,26,23.0,21.0,ATL
35,30,9.0,18.0,GSW
34,25,10.0,22.0,HOU
40,33,4.0,13.0,MIA
15,38,26.0,6.0,MIL
11,41,28.0,3.0,OKC
33,27,14.0,20.0,UTA
32,9,17.0,29.0,WAS
33,15,15.0,26.0,CHO
9,38,29.0,6.0,CLE
46,34,1.0,10.0,DAL
22,31,24.0,18.0,GSW
35,34,8.0,11.0,IND
28,39,19.0,5.0,MIL
20,15,25.0,27.0,POR
42,33,2.0,16.0,SAC
37,9,7.0,30.0,WAS
23,26,23.0,21.0,ATL
33,41,13.0,3.0,DEN
35,25,10.0,22.0,HOU
20,16,25.0,26.0,POR
33,27,14.0,20.0,UTA
22,15,24.0,27.0,CHO
34,9,13.0,29.0,DET
47,32,1.0,18.0,GSW
12,34,28.0,12.0,IND
42,38,2.0,7.0,LAC
39,35,5.0,9.0,NYK
35,41,10.0,4.0,OKC
34,34,11.0,14.0,PHI
34,28,15.0,19.0,CHI
40,39,5.0,7.0,LAC
24,20,23.0,25.0,MEM
33,42,16.0,3.0,OKC
42,17,2.0,26.0,POR
27,9,20.0,30.0,WAS
36,26,9.0,21.0,ATL
39,48,6.0,1.0,BOS
34,9,15.0,29.0,DET
34,34,13.0,14.0,IND
23,36,24.0,8.0,NOP
15,35,27.0,10.0,ORL
24,35,23.0,11.0,PHI
42,35,2.0,12.0,PHO
26,13,22.0,28.0,SAS
28,29,20.0,19.0,CHI
27,40,21.0,6.0,CLE
27,39,22.0,7.0,LAC
35,21,11.0,25.0,MEM
32,41,18.0,5.0,MIL
17,42,26.0,4.0,OKC
9,36,30.0,10.0,ORL
34,34,15.0,17.0,SAC
42,48,3.0,1.0,BOS
9,25,29.0,23.0,BRK
33,30,18.0,19.0,CHI
34,35,16.0,13.0,MIA
35,43,12.0,2.0,MIN
35,13,15.0,28.0,SAS
36,23,11.0,24.0,TOR
22,28,25.0,20.0,ATL
9,15,30.0,27.0,CHO
17,27,26.0,22.0,HOU
43,35,3.0,13.0,MIA
34,41,17.0,5.0,MIL
40,44,6.0,2.0,MIN
35,37,14.0,8.0,NOP
36,37,10.0,9.0,ORL
37,48,10.0,1.0,BOS
15,25,27.0,23.0,BRK
40,31,7.0,19.0,CHI
10,35,29.0,12.0,DAL
33,13,18.0,28.0,SAS
17,23,26.0,24.0,TOR
43,28,3.0,21.0,UTA
41,25,5.0,23.0,BRK
36,28,12.0,21.0,HOU
37,35,10.0,14.0,IND
44,22,3.0,25.0,MEM
41,41,6.0,7.0,MIL
35,44,15.0,2.0,MIN
29,38,20.0,8.0,NOP
37,35,9.0,17.0,PHI
35,10,16.0,30.0,WAS
18,49,26.0,1.0,BOS
10,16,29.0,27.0,CHO
31,36,19.0,12.0,DAL
14,33,28.0,18.0,GSW
41,37,5.0,11.0,PHO
44,23,2.0,24.0,TOR
28,50,22.0,1.0,BOS
14,29,28.0,21.0,HOU
45,36,2.0,13.0,IND
36,42,15.0,5.0,MIL
41,44,7.0,4.0,MIN
37,36,9.0,14.0,PHI
22,11,25.0,29.0,WAS
18,29,26.0,20.0,ATL
37,26,12.0,23.0,BRK
37,31,10.0,19.0,CHI
23,16,24.0,27.0,CHO
39,41,8.0,6.0,CLE
35,45,17.0,2.0,DEN
37,34,9.0,18.0,GSW
37,36,14.0,15.0,LAL
11,23,29.0,25.0,TOR
45,38,3.0,9.0,DAL
32,41,19.0,7.0,LAC
19,38,26.0,10.0,NYK
42,36,5.0,16.0,PHI
51,38,1.0,11.0,PHO
30,11,20.0,30.0,WAS
28,29,22.0,21.0,ATL
14,46,28.0,2.0,DEN
39,42,8.0,5.0,LAC
12,35,29.0,17.0,MIA
23,38,25.0,11.0,ORL
17,38,27.0,12.0,PHO
37,26,14.0,23.0,BRK
36,17,16.0,27.0,CHO
31,42,20.0,5.0,CLE
36,34,15.0,18.0,GSW
29,45,22.0,4.0,MIN
38,39,13.0,9.0,NYK
23,46,24.0,3.0,OKC
40,19,8.0,26.0,POR
32,11,19.0,30.0,WAS
42,29,7.0,21.0,ATL
11,52,30.0,1.0,BOS
14,26,28.0,23.0,BRK
38,47,12.0,2.0,DEN
12,36,29.0,16.0,MIA
43,39,5.0,11.0,PHO
39,23,10.0,25.0,TOR
36,30,17.0,21.0,ATL
38,42,13.0,6.0,CLE
53,12,1.0,29.0,DET
38,23,14.0,24.0,MEM
37,37,16.0,15.0,MIA
29,46,22.0,3.0,MIN
35,40,18.0,9.0,NYK
33,19,19.0,26.0,POR
40,17,10.0,27.0,CHO
15,39,28.0,11.0,DAL
47,47,3.0,2.0,DEN
11,32,30.0,20.0,HOU
26,41,23.0,8.0,NOP
12,38,29.0,14.0,IND
19,42,26.0,7.0,LAC
35,23,18.0,24.0,MEM
43,37,6.0,16.0,MIA
54,44,1.0,5.0,MIL
39,38,12.0,15.0,PHI
23,39,25.0,13.0,SAC
47,29,4.0,22.0,UTA
40,30,12.0,21.0,ATL
44,26,5.0,23.0,BRK
33,34,20.0,19.0,CHI
41,42,10.0,8.0,NOP
48,41,2.0,9.0,NYK
11,40,30.0,13.0,SAC
40,29,11.0,22.0,UTA
12,55,29.0,1.0,BOS
47,43,4.0,6.0,CLE
36,39,18.0,14.0,IND
19,43,26.0,7.0,LAC
15,23,28.0,24.0,MEM
38,42,15.0,8.0,NOP
23,48,25.0,3.0,OKC
37,38,17.0,16.0,PHI
34,56,19.0,1.0,BOS
41,26,10.0,23.0,BRK
30,17,21.0,27.0,CHO
19,49,26.0,2.0,DEN
15,41,28.0,11.0,PHO
42,40,9.0,13.0,SAC
12,23,30.0,25.0,TOR
34,29,20.0,22.0,UTA
38,43,16.0,7.0,CLE
48,36,4.0,18.0,GSW
38,40,15.0,13.0,IND
12,43,29.0,8.0,NOP
45,49,5.0,3.0,OKC
44,38,6.0,17.0,PHI
31,57,21.0,1.0,BOS
23,26,25.0,23.0,BRK
43,17,7.0,27.0,CHO
29,41,22.0,12.0,DAL
42,12,9.0,30.0,DET
44,40,6.0,14.0,IND
50,24,2.0,24.0,MEM
41,39,13.0,15.0,PHI
15,42,28.0,11.0,PHO
35,19,19.0,26.0,POR
34,13,20.0,29.0,WAS
42,42,13.0,9.0,DAL
39,36,16.0,18.0,GSW
46,39,5.0,15.0,LAL
44,49,7.0,3.0,OKC
14,27,29.0,23.0,BRK
17,44,27.0,6.0,CLE
49,12,4.0,30.0,DET
42,37,11.0,18.0,GSW
50,36,3.0,19.0,HOU
34,41,20.0,14.0,IND
39,44,17.0,7.0,LAC
24,40,24.0,15.0,LAL
23,43,25.0,9.0,NYK
51,42,2.0,12.0,PHO
32,19,21.0,26.0,POR
29,16,22.0,28.0,SAS
33,57,21.0,1.0,BOS
44,46,8.0,5.0,MIL
28,35,23.0,20.0,CHI
42,43,13.0,10.0,DAL
14,12,29.0,30.0,DET
18,38,27.0,18.0,GSW
29,37,22.0,19.0,HOU
42,45,12.0,6.0,LAC
41,41,14.0,15.0,LAL
51,50,2.0,3.0,MIN
17,44,28.0,9.0,NYK
44,39,7.0,17.0,PHI
50,43,4.0,11.0,PHO
39,19,16.0,26.0,POR
45,57,7.0,1.0,BOS
42,24,12.0,24.0,MEM
34,46,21.0,5.0,MIL
51,35,3.0,20.0,CHI
51,45,2.0,7.0,CLE
38,44,19.0,9.0,DAL
18,39,28.0,17.0,GSW
18,46,27.0,5.0,LAC
29,41,22.0,15.0,LAL
14,40,29.0,16.0,MIA
44,51,10.0,4.0,OKC
23,39,25.0,18.0,PHI
42,29,13.0,23.0,UTA
36,34,20.0,21.0,ATL
18,58,27.0,1.0,BOS
42,29,13.0,22.0,BRK
13,24,30.0,24.0,MEM
45,43,8.0,12.0,PHO
43,19,11.0,26.0,POR
29,45,23.0,7.0,CLE
40,45,17.0,8.0,DAL
51,38,4.0,19.0,HOU
43,47,13.0,5.0,LAC
23,42,25.0,15.0,LAL
14,47,29.0,6.0,MIL
41,44,16.0,10.0,NYK
40,52,18.0,3.0,OKC
52,18,2.0,28.0,SAS
44,46,12.0,7.0,CLE
35,13,21.0,30.0,DET
29,43,22.0,13.0,IND
15,43,29.0,14.0,LAL
47,25,6.0,24.0,MEM
59,52,1.0,4.0,OKC
45,44,9.0,11.0,ORL
18,19,27.0,26.0,POR
52,23,3.0,25.0,TOR
45,36,8.0,20.0,ATL
47,53,5.0,2.0,DEN
38,41,19.0,17.0,GSW
42,41,16.0,18.0,PHI
44,44,10.0,13.0,SAC
26,13,24.0,30.0,DET
46,42,8.0,16.0,GSW
38,42,19.0,17.0,MIA
45,53,12.0,3.0,MIN
36,45,21.0,10.0,NYK
43,52,14.0,4.0,OKC
18,45,27.0,11.0,ORL
15,20,29.0,26.0,POR
60,44,1.0,13.0,SAC
45,18,9.0,28.0,SAS
47,23,6.0,25.0,TOR
48,29,5.0,23.0,UTA
53,36,2.0,20.0,ATL
44,46,13.0,7.0,CLE
30,13,22.0,30.0,DET
27,42,24.0,18.0,PHI
45,37,13.0,20.0,CHI
49,46,5.0,8.0,CLE
47,38,6.0,19.0,HOU
44,43,14.0,16.0,MIA
45,53,10.0,3.0,MIN
46,45,9.0,11.0,NOP
47,45,7.0,12.0,NYK
19,52,27.0,4.0,OKC
19,43,28.0,17.0,PHI
61,21,1.0,26.0,POR
31,44,22.0,15.0,SAC
42,29,18.0,23.0,UTA
24,15,25.0,29.0,WAS
47,62,7.0,1.0,BOS
19,48,27.0,6.0,DAL
29,54,23.0,2.0,DEN
44,13,16.0,30.0,DET
45,43,14.0,17.0,GSW
25,45,25.0,13.0,IND
46,50,12.0,5.0,LAC
36,43,21.0,18.0,MIA
21,46,26.0,9.0,NOP
37,46,20.0,10.0,NYK
38,46,19.0,11.0,ORL
53,45,4.0,15.0,SAC
27,19,24.0,28.0,SAS
54,15,3.0,29.0,WAS
36,19,21.0,28.0,CHO
44,49,16.0,6.0,DAL
46,27,8.0,24.0,MEM
55,55,2.0,3.0,MIN
48,46,7.0,11.0,ORL
51,46,5.0,12.0,PHO
54,20,4.0,27.0,SAS
31,25,22.0,25.0,TOR
13,37,30.0,20.0,CHI
21,44,26.0,16.0,GSW
29,39,23.0,19.0,HOU
45,47,15.0,8.0,NOP
62,47,1.0,9.0,NYK
55,36,3.0,21.0,ATL
48,32,9.0,22.0,BRK
15,38,29.0,20.0,CHI
62,20,1.0,27.0,CHO
20,56,28.0,2.0,DEN
50,13,6.0,30.0,DET
21,39,26.0,19.0,HOU
47,46,10.0,12.0,IND
27,45,24.0,15.0,LAL
55,49,4.0,7.0,MIL
45,48,14.0,8.0,NOP
45,46,16.0,13.0,ORL
45,47,17.0,11.0,PHO
44,25,18.0,25.0,TOR
51,30,5.0,23.0,UTA
46,36,12.0,21.0,ATL
46,32,15.0,22.0,BRK
49,39,9.0,20.0,CHI
48,20,10.0,28.0,CHO
56,50,4.0,6.0,DAL
27,56,24.0,2.0,DEN
21,14,27.0,30.0,DET
51,40,5.0,19.0,HOU
49,46,8.0,13.0,LAL
46,49,14.0,7.0,MIL
56,48,3.0,11.0,PHO
45,21,18.0,26.0,POR
45,25,17.0,25.0,TOR
45,31,16.0,23.0,UTA
63,15,1.0,29.0,WAS
