Team,Match,Win,Date
LAL,0,0,2023-10-24
DEN,0,0,2023-10-24
PHO,0,0,2023-10-24
GSW,0,0,2023-10-24
ATL,0,0,2023-10-25
CHO,0,0,2023-10-25
BOS,0,0,2023-10-25
NYK,0,0,2023-10-25
CLE,0,0,2023-10-25
BRK,0,0,2023-10-25
DAL,0,0,2023-10-25
SAS,0,0,2023-10-25
DET,0,0,2023-10-25
MIA,0,0,2023-10-25
HOU,0,0,2023-10-25
ORL,0,0,2023-10-25
MIN,0,0,2023-10-25
TOR,0,0,2023-10-25
NOP,0,0,2023-10-25
MEM,0,0,2023-10-25
OKC,0,0,2023-10-25
CHI,0,0,2023-10-25
POR,0,0,2023-10-25
LAC,0,0,2023-10-25
SAC,0,0,2023-10-25
UTA,0,0,2023-10-25
WAS,0,0,2023-10-25
IND,0,0,2023-10-25
PHI,0,0,2023-10-26
MIL,0,0,2023-10-26
PHO,1,1,2023-10-26
LAL,1,0,2023-10-26
BRK,1,0,2023-10-27
DAL,1,1,2023-10-27
DEN,1,1,2023-10-27
MEM,1,0,2023-10-27
DET,1,0,2023-10-27
CHO,1,1,2023-10-27
GSW,1,0,2023-10-27
SAC,1,1,2023-10-27
HOU,1,0,2023-10-27
SAS,1,0,2023-10-27
LAC,1,1,2023-10-27
UTA,1,0,2023-10-27
MIA,1,1,2023-10-27
BOS,1,1,2023-10-27
NYK,1,0,2023-10-27
ATL,1,0,2023-10-27
OKC,1,1,2023-10-27
CLE,1,1,2023-10-27
ORL,1,1,2023-10-27
POR,1,0,2023-10-27
TOR,1,1,2023-10-27
CHI,1,0,2023-10-27
CHI,2,1,2023-10-28
DET,2,1,2023-10-28
IND,1,1,2023-10-28
CLE,2,1,2023-10-28
MEM,2,0,2023-10-28
WAS,1,0,2023-10-28
MIA,2,1,2023-10-28
MIN,1,0,2023-10-28
NYK,2,1,2023-10-28
NOP,1,1,2023-10-28
PHI,1,0,2023-10-28
TOR,2,1,2023-10-28
UTA,2,1,2023-10-28
PHO,2,1,2023-10-28
ATL,2,0,2023-10-29
MIL,1,1,2023-10-29
DEN,2,2,2023-10-29
OKC,2,2,2023-10-29
GSW,2,1,2023-10-29
HOU,2,0,2023-10-29
LAL,2,1,2023-10-29
SAC,2,1,2023-10-29
POR,2,0,2023-10-29
PHI,2,1,2023-10-29
SAS,2,1,2023-10-29
LAC,2,1,2023-10-29
BOS,2,2,2023-10-30
WAS,2,1,2023-10-30
BRK,2,0,2023-10-30
CHO,2,1,2023-10-30
CHI,3,1,2023-10-30
IND,2,2,2023-10-30
DAL,2,2,2023-10-30
MEM,3,0,2023-10-30
DET,3,2,2023-10-30
OKC,3,2,2023-10-30
GSW,3,2,2023-10-30
NOP,2,2,2023-10-30
MIA,3,1,2023-10-30
MIL,2,1,2023-10-30
MIN,2,1,2023-10-30
ATL,3,1,2023-10-30
ORL,2,2,2023-10-30
LAL,3,1,2023-10-30
POR,3,0,2023-10-30
TOR,3,1,2023-10-30
UTA,3,1,2023-10-30
DEN,3,3,2023-10-30
NYK,3,1,2023-10-31
CLE,3,1,2023-10-31
ORL,3,2,2023-10-31
LAC,3,2,2023-10-31
SAS,3,1,2023-10-31
PHO,3,2,2023-10-31
BRK,3,1,2023-11-01
MIA,4,1,2023-11-01
CHI,4,2,2023-11-01
DAL,3,3,2023-11-01
CHO,3,1,2023-11-01
HOU,3,0,2023-11-01
CLE,4,1,2023-11-01
NYK,4,2,2023-11-01
DEN,4,4,2023-11-01
MIN,3,1,2023-11-01
IND,3,2,2023-11-01
BOS,3,3,2023-11-01
LAC,4,3,2023-11-01
LAL,4,2,2023-11-01
MEM,4,0,2023-11-01
UTA,4,1,2023-11-01
MIL,3,2,2023-11-01
TOR,4,1,2023-11-01
NOP,3,2,2023-11-01
OKC,4,3,2023-11-01
POR,4,1,2023-11-01
DET,4,2,2023-11-01
SAC,3,2,2023-11-01
GSW,4,3,2023-11-01
WAS,3,1,2023-11-01
ATL,4,2,2023-11-01
DET,5,2,2023-11-02
NOP,4,3,2023-11-02
ORL,4,2,2023-11-02
UTA,5,2,2023-11-02
SAS,4,2,2023-11-02
PHO,4,2,2023-11-02
TOR,5,2,2023-11-02
PHI,3,2,2023-11-02
BRK,4,2,2023-11-03
CHI,5,2,2023-11-03
CLE,5,2,2023-11-03
IND,4,2,2023-11-03
DAL,4,4,2023-11-03
DEN,5,4,2023-11-03
GSW,5,4,2023-11-03
OKC,5,3,2023-11-03
MEM,5,0,2023-11-03
POR,5,2,2023-11-03
NYK,5,2,2023-11-03
MIL,4,2,2023-11-03
WAS,4,1,2023-11-03
MIA,5,1,2023-11-03
ATL,5,3,2023-11-04
NOP,5,4,2023-11-04
BOS,4,4,2023-11-04
BRK,5,3,2023-11-04
CHI,6,2,2023-11-04
DEN,6,5,2023-11-04
CHO,4,1,2023-11-04
IND,5,3,2023-11-04
LAL,5,3,2023-11-04
ORL,5,3,2023-11-04
PHO,5,2,2023-11-04
PHI,4,3,2023-11-04
SAC,4,2,2023-11-04
HOU,4,1,2023-11-04
UTA,6,2,2023-11-04
MIN,4,2,2023-11-04
CHO,5,2,2023-11-05
DAL,5,4,2023-11-05
GSW,6,5,2023-11-05
CLE,6,2,2023-11-05
MEM,6,0,2023-11-05
POR,6,3,2023-11-05
PHO,6,2,2023-11-05
DET,6,2,2023-11-05
TOR,6,2,2023-11-05
SAS,5,3,2023-11-05
ATL,6,4,2023-11-06
OKC,6,3,2023-11-06
BOS,5,5,2023-11-06
MIN,5,3,2023-11-06
DAL,6,5,2023-11-06
ORL,6,4,2023-11-06
GSW,7,5,2023-11-06
DET,7,2,2023-11-06
LAC,5,3,2023-11-06
NYK,6,2,2023-11-06
LAL,6,3,2023-11-06
MIA,6,2,2023-11-06
MIL,5,3,2023-11-06
BRK,6,3,2023-11-06
NOP,6,4,2023-11-06
DEN,7,6,2023-11-06
SAC,5,2,2023-11-06
HOU,5,2,2023-11-06
SAS,6,3,2023-11-06
IND,6,3,2023-11-06
UTA,7,2,2023-11-06
CHI,7,2,2023-11-06
WAS,5,1,2023-11-06
PHI,5,4,2023-11-06
BOS,6,5,2023-11-08
PHI,6,5,2023-11-08
CLE,7,3,2023-11-08
OKC,7,4,2023-11-08
DET,8,2,2023-11-08
MIL,6,4,2023-11-08
GSW,8,6,2023-11-08
DEN,8,7,2023-11-08
LAC,6,3,2023-11-08
BRK,7,3,2023-11-08
LAL,7,3,2023-11-08
HOU,6,3,2023-11-08
MIA,7,3,2023-11-08
MEM,7,1,2023-11-08
NOP,7,4,2023-11-08
MIN,6,4,2023-11-08
PHO,7,3,2023-11-08
CHI,8,3,2023-11-08
POR,7,3,2023-11-08
SAC,6,2,2023-11-08
SAS,7,3,2023-11-08
NYK,7,3,2023-11-08
TOR,7,3,2023-11-08
DAL,7,6,2023-11-08
UTA,8,2,2023-11-08
IND,7,4,2023-11-08
WAS,6,1,2023-11-08
CHO,6,2,2023-11-08
ATL,7,4,2023-11-09
ORL,7,4,2023-11-09
MIL,7,5,2023-11-09
IND,8,5,2023-11-09
BRK,8,4,2023-11-10
BOS,7,5,2023-11-10
CHO,7,2,2023-11-10
WAS,7,2,2023-11-10
LAC,7,3,2023-11-10
DAL,8,6,2023-11-10
LAL,8,3,2023-11-10
PHO,8,4,2023-11-10
MIN,7,5,2023-11-10
SAS,8,3,2023-11-10
NOP,8,4,2023-11-10
HOU,7,4,2023-11-10
OKC,8,5,2023-11-10
SAC,7,3,2023-11-10
PHI,7,6,2023-11-10
DET,9,2,2023-11-10
UTA,9,2,2023-11-10
MEM,8,1,2023-11-10
CLE,8,3,2023-11-11
GSW,9,6,2023-11-11
MIA,8,4,2023-11-11
ATL,8,5,2023-11-11
MIL,8,5,2023-11-11
ORL,8,4,2023-11-11
TOR,8,4,2023-11-11
BOS,8,6,2023-11-11
CHO,8,3,2023-11-12
NYK,8,4,2023-11-12
DAL,9,7,2023-11-12
NOP,9,4,2023-11-12
DEN,9,8,2023-11-12
HOU,8,5,2023-11-12
DET,10,2,2023-11-12
CHI,9,3,2023-11-12
IND,9,6,2023-11-12
PHI,8,7,2023-11-12
MEM,9,1,2023-11-12
LAC,8,3,2023-11-12
MIA,9,5,2023-11-12
SAS,9,3,2023-11-12
MIN,8,6,2023-11-12
GSW,10,6,2023-11-12
OKC,9,5,2023-11-12
PHO,9,4,2023-11-12
POR,8,3,2023-11-12
LAL,9,4,2023-11-12
WAS,8,2,2023-11-12
BRK,9,4,2023-11-12
CHI,10,4,2023-11-13
MIL,9,5,2023-11-13
CLE,9,4,2023-11-13
SAC,8,4,2023-11-13
NYK,9,5,2023-11-13
BOS,9,7,2023-11-13
WAS,9,2,2023-11-13
TOR,9,4,2023-11-13
ATL,9,5,2023-11-14
DET,11,2,2023-11-14
DAL,10,8,2023-11-14
NOP,10,4,2023-11-14
IND,10,6,2023-11-14
PHI,9,8,2023-11-14
LAC,9,3,2023-11-14
DEN,10,8,2023-11-14
MEM,10,2,2023-11-14
LAL,10,5,2023-11-14
MIA,10,6,2023-11-14
CHO,9,3,2023-11-14
MIN,9,7,2023-11-14
GSW,11,6,2023-11-14
ORL,9,5,2023-11-14
BRK,10,5,2023-11-14
POR,9,3,2023-11-14
UTA,10,3,2023-11-14
SAS,10,3,2023-11-14
OKC,10,6,2023-11-14
BOS,10,8,2023-11-15
PHI,10,8,2023-11-15
CLE,10,4,2023-11-15
POR,10,3,2023-11-15
DAL,11,8,2023-11-15
WAS,10,2,2023-11-15
MIL,10,6,2023-11-15
TOR,10,5,2023-11-15
MIN,10,8,2023-11-15
PHO,10,4,2023-11-15
NYK,10,5,2023-11-15
ATL,10,6,2023-11-15
ORL,10,5,2023-11-15
CHI,11,4,2023-11-15
SAC,9,5,2023-11-15
LAL,11,6,2023-11-15
BRK,11,6,2023-11-16
MIA,11,7,2023-11-16
OKC,11,7,2023-11-16
GSW,12,6,2023-11-16
BOS,11,9,2023-11-17
TOR,11,5,2023-11-17
DEN,11,9,2023-11-17
NOP,11,5,2023-11-17
DET,12,2,2023-11-17
CLE,11,5,2023-11-17
HOU,9,6,2023-11-17
LAC,10,3,2023-11-17
LAL,12,6,2023-11-17
POR,11,3,2023-11-17
MIL,11,7,2023-11-17
CHO,10,3,2023-11-17
NYK,11,6,2023-11-17
WAS,11,2,2023-11-17
ORL,11,6,2023-11-17
CHI,12,4,2023-11-17
PHI,11,8,2023-11-17
ATL,11,6,2023-11-17
PHO,11,5,2023-11-17
UTA,11,4,2023-11-17
SAC,10,6,2023-11-17
SAS,11,3,2023-11-17
DAL,12,9,2023-11-18
MIL,12,8,2023-11-18
MEM,11,2,2023-11-18
SAS,12,3,2023-11-18
MIA,12,8,2023-11-18
CHI,13,4,2023-11-18
MIN,11,8,2023-11-18
NOP,12,6,2023-11-18
NYK,12,7,2023-11-18
CHO,11,3,2023-11-18
OKC,12,8,2023-11-18
GSW,13,6,2023-11-18
BOS,12,10,2023-11-19
MEM,12,3,2023-11-19
DEN,12,9,2023-11-19
CLE,12,6,2023-11-19
DET,13,2,2023-11-19
TOR,12,5,2023-11-19
HOU,10,6,2023-11-19
LAL,13,7,2023-11-19
OKC,13,9,2023-11-19
POR,12,3,2023-11-19
ORL,12,7,2023-11-19
IND,11,7,2023-11-19
PHI,12,9,2023-11-19
BRK,12,6,2023-11-19
PHO,12,6,2023-11-19
UTA,12,4,2023-11-19
SAC,11,7,2023-11-19
DAL,13,9,2023-11-19
BOS,13,11,2023-11-20
CHO,12,3,2023-11-20
DEN,13,9,2023-11-20
DET,14,2,2023-11-20
HOU,11,6,2023-11-20
GSW,14,6,2023-11-20
LAC,11,4,2023-11-20
SAS,13,3,2023-11-20
MIA,13,8,2023-11-20
CHI,14,5,2023-11-20
MIL,13,9,2023-11-20
WAS,12,2,2023-11-20
NYK,13,8,2023-11-20
MIN,12,9,2023-11-20
SAC,12,8,2023-11-20
NOP,13,6,2023-11-20
CLE,13,7,2023-11-21
PHI,13,10,2023-11-21
IND,12,7,2023-11-21
ATL,12,6,2023-11-21
POR,13,3,2023-11-21
PHO,13,7,2023-11-21
TOR,13,6,2023-11-21
ORL,13,8,2023-11-21
UTA,13,4,2023-11-21
LAL,14,8,2023-11-21
BRK,13,6,2023-11-22
ATL,13,6,2023-11-22
CHI,15,5,2023-11-22
OKC,14,10,2023-11-22
DAL,14,9,2023-11-22
LAL,15,9,2023-11-22
DEN,14,10,2023-11-22
ORL,14,9,2023-11-22
GSW,15,7,2023-11-22
PHO,14,8,2023-11-22
LAC,12,5,2023-11-22
SAS,14,3,2023-11-22
MEM,13,3,2023-11-22
HOU,12,6,2023-11-22
MIA,14,9,2023-11-22
CLE,14,8,2023-11-22
MIL,14,10,2023-11-22
BOS,14,11,2023-11-22
PHI,14,10,2023-11-22
MIN,13,10,2023-11-22
SAC,13,8,2023-11-22
NOP,14,7,2023-11-22
TOR,14,6,2023-11-22
IND,13,8,2023-11-22
UTA,14,4,2023-11-22
POR,14,3,2023-11-22
WAS,13,2,2023-11-22
CHO,13,4,2023-11-22
BOS,15,12,2023-11-24
ORL,15,10,2023-11-24
CHI,16,5,2023-11-24
TOR,15,7,2023-11-24
DEN,15,10,2023-11-24
HOU,13,7,2023-11-24
DET,15,2,2023-11-24
IND,14,8,2023-11-24
MIA,15,10,2023-11-24
NYK,14,8,2023-11-24
NOP,15,8,2023-11-24
LAC,13,6,2023-11-24
PHO,15,9,2023-11-24
MEM,14,3,2023-11-24
SAC,14,8,2023-11-24
MIN,14,11,2023-11-24
SAS,15,3,2023-11-24
GSW,16,7,2023-11-24
WAS,14,2,2023-11-24
MIL,15,10,2023-11-24
ATL,14,7,2023-11-25
WAS,15,2,2023-11-25
DAL,15,10,2023-11-25
LAC,14,6,2023-11-25
LAL,16,9,2023-11-25
CLE,15,8,2023-11-25
MIA,16,10,2023-11-25
BRK,14,6,2023-11-25
NOP,16,9,2023-11-25
UTA,15,4,2023-11-25
PHI,15,10,2023-11-25
OKC,15,11,2023-11-25
ATL,15,8,2023-11-26
BOS,16,12,2023-11-26
CHI,17,5,2023-11-26
BRK,15,7,2023-11-26
CHO,14,5,2023-11-26
ORL,16,11,2023-11-26
MIN,15,11,2023-11-26
MEM,15,3,2023-11-26
PHO,16,10,2023-11-26
NYK,15,9,2023-11-26
POR,15,4,2023-11-26
MIL,16,11,2023-11-26
SAS,16,3,2023-11-26
DEN,16,10,2023-11-26
TOR,16,8,2023-11-26
CLE,16,8,2023-11-26
DEN,17,11,2023-11-27
LAC,15,7,2023-11-27
LAL,17,10,2023-11-27
PHI,16,11,2023-11-27
NOP,17,9,2023-11-27
UTA,16,5,2023-11-27
POR,16,4,2023-11-27
IND,15,9,2023-11-27
WAS,16,2,2023-11-27
DET,16,2,2023-11-27
ATL,16,8,2023-11-28
CLE,17,9,2023-11-28
CHI,18,5,2023-11-28
BOS,17,13,2023-11-28
CHO,15,5,2023-11-28
NYK,16,9,2023-11-28
GSW,17,8,2023-11-28
SAC,15,9,2023-11-28
HOU,14,8,2023-11-28
DAL,16,10,2023-11-28
MIL,17,12,2023-11-28
MIA,17,10,2023-11-28
OKC,16,11,2023-11-28
MIN,16,12,2023-11-28
TOR,17,8,2023-11-28
BRK,16,8,2023-11-28
HOU,15,8,2023-11-29
DEN,18,12,2023-11-29
LAC,16,7,2023-11-29
SAC,16,10,2023-11-29
LAL,18,10,2023-11-29
DET,17,2,2023-11-29
PHI,17,12,2023-11-29
NOP,18,9,2023-11-29
PHO,17,11,2023-11-29
TOR,18,8,2023-11-29
UTA,17,6,2023-11-29
MEM,16,3,2023-11-29
WAS,17,3,2023-11-29
ORL,17,12,2023-11-29
ATL,17,8,2023-11-30
SAS,17,3,2023-11-30
CHO,16,5,2023-11-30
BRK,17,9,2023-11-30
DET,18,2,2023-11-30
NYK,17,10,2023-11-30
IND,16,9,2023-11-30
MIA,18,10,2023-11-30
LAC,17,8,2023-11-30
GSW,18,8,2023-11-30
LAL,19,11,2023-11-30
OKC,17,11,2023-11-30
MIL,18,13,2023-11-30
CHI,19,5,2023-11-30
POR,17,5,2023-11-30
CLE,18,10,2023-11-30
UTA,18,6,2023-11-30
MIN,17,13,2023-11-30
DEN,19,13,2023-12-01
PHO,18,11,2023-12-01
MEM,17,4,2023-12-01
DAL,17,11,2023-12-01
NYK,18,11,2023-12-01
TOR,19,9,2023-12-01
PHI,18,12,2023-12-01
BOS,18,14,2023-12-01
SAS,18,3,2023-12-01
NOP,19,10,2023-12-01
WAS,18,3,2023-12-01
ORL,18,13,2023-12-01
ATL,18,9,2023-12-02
MIL,19,13,2023-12-02
CLE,19,10,2023-12-02
DET,19,2,2023-12-02
DEN,20,14,2023-12-02
SAC,17,10,2023-12-02
GSW,19,9,2023-12-02
LAC,18,8,2023-12-02
HOU,16,8,2023-12-02
LAL,20,11,2023-12-02
IND,17,9,2023-12-02
MIA,19,11,2023-12-02
MEM,18,5,2023-12-02
PHO,19,11,2023-12-02
MIN,18,14,2023-12-02
CHO,17,6,2023-12-02
NOP,20,11,2023-12-02
CHI,20,6,2023-12-02
OKC,18,12,2023-12-02
DAL,18,11,2023-12-02
ORL,19,14,2023-12-02
BRK,18,9,2023-12-02
POR,18,6,2023-12-02
UTA,19,6,2023-12-02
BOS,19,15,2023-12-04
IND,18,10,2023-12-04
NOP,21,11,2023-12-04
SAC,18,11,2023-12-04
NYK,19,12,2023-12-05
MIL,20,14,2023-12-05
PHO,20,12,2023-12-05
LAL,21,12,2023-12-05
BRK,19,10,2023-12-06
ATL,19,9,2023-12-06
CHO,18,6,2023-12-06
CHI,21,7,2023-12-06
DEN,21,14,2023-12-06
LAC,19,9,2023-12-06
MEM,19,5,2023-12-06
DET,20,2,2023-12-06
MIA,20,11,2023-12-06
TOR,20,9,2023-12-06
OKC,19,13,2023-12-06
HOU,17,8,2023-12-06
ORL,20,14,2023-12-06
CLE,20,11,2023-12-06
PHI,19,12,2023-12-06
WAS,19,3,2023-12-06
POR,19,6,2023-12-06
GSW,20,9,2023-12-06
SAS,19,3,2023-12-06
MIN,19,15,2023-12-06
UTA,20,7,2023-12-06
DAL,19,11,2023-12-06
IND,19,11,2023-12-07
MIL,21,15,2023-12-07
NOP,22,12,2023-12-07
LAL,22,13,2023-12-07
ATL,20,9,2023-12-08
PHI,20,13,2023-12-08
CHI,22,8,2023-12-08
SAS,20,3,2023-12-08
CLE,21,12,2023-12-08
MIA,21,12,2023-12-08
DAL,20,12,2023-12-08
POR,20,6,2023-12-08
DET,21,2,2023-12-08
ORL,21,14,2023-12-08
GSW,21,10,2023-12-08
OKC,20,13,2023-12-08
HOU,18,9,2023-12-08
DEN,22,14,2023-12-08
LAC,20,10,2023-12-08
UTA,21,7,2023-12-08
MIN,20,16,2023-12-08
MEM,20,6,2023-12-08
NYK,20,12,2023-12-08
BOS,20,15,2023-12-08
SAC,19,11,2023-12-08
PHO,21,12,2023-12-08
TOR,21,9,2023-12-08
CHO,19,6,2023-12-08
WAS,20,3,2023-12-08
BRK,20,11,2023-12-08
BRK,21,12,2023-12-11
SAC,20,12,2023-12-11
CHI,23,9,2023-12-11
MIL,22,15,2023-12-11
CLE,22,13,2023-12-11
ORL,22,15,2023-12-11
DAL,21,13,2023-12-11
MEM,21,6,2023-12-11
DEN,23,14,2023-12-11
ATL,21,9,2023-12-11
IND,20,12,2023-12-11
DET,22,2,2023-12-11
MIA,22,12,2023-12-11
CHO,20,7,2023-12-11
MIN,21,17,2023-12-11
NOP,23,12,2023-12-11
POR,21,6,2023-12-11
LAC,21,11,2023-12-11
SAS,21,3,2023-12-11
HOU,19,10,2023-12-11
TOR,22,9,2023-12-11
NYK,21,12,2023-12-11
UTA,22,7,2023-12-11
OKC,21,14,2023-12-11
WAS,21,3,2023-12-11
PHI,21,14,2023-12-11
CLE,23,13,2023-12-12
BOS,21,16,2023-12-12
DEN,24,15,2023-12-12
CHI,24,9,2023-12-12
GSW,22,10,2023-12-12
PHO,22,12,2023-12-12
LAL,23,14,2023-12-12
DAL,22,14,2023-12-12
SAC,21,13,2023-12-12
LAC,22,12,2023-12-12
ATL,22,9,2023-12-13
TOR,23,9,2023-12-13
BRK,22,12,2023-12-13
PHO,23,13,2023-12-13
CHO,21,7,2023-12-13
MIA,23,13,2023-12-13
IND,21,13,2023-12-13
MIL,23,16,2023-12-13
LAL,24,14,2023-12-13
SAS,22,3,2023-12-13
MEM,22,6,2023-12-13
HOU,20,11,2023-12-13
NOP,24,13,2023-12-13
WAS,22,3,2023-12-13
NYK,22,13,2023-12-13
UTA,23,7,2023-12-13
PHI,22,15,2023-12-13
DET,23,2,2023-12-13
BRK,23,13,2023-12-14
DEN,25,16,2023-12-14
CHI,25,9,2023-12-14
MIA,24,14,2023-12-14
CLE,24,13,2023-12-14
BOS,22,17,2023-12-14
GSW,23,10,2023-12-14
LAC,23,13,2023-12-14
MIN,22,17,2023-12-14
DAL,23,15,2023-12-14
OKC,22,15,2023-12-14
SAC,22,13,2023-12-14
UTA,24,8,2023-12-14
POR,22,6,2023-12-14
ATL,23,9,2023-12-15
TOR,24,10,2023-12-15
DET,24,2,2023-12-15
PHI,23,16,2023-12-15
HOU,21,12,2023-12-15
MEM,23,6,2023-12-15
IND,22,13,2023-12-15
WAS,23,3,2023-12-15
LAL,25,15,2023-12-15
SAS,23,3,2023-12-15
NOP,25,14,2023-12-15
CHO,22,7,2023-12-15
NYK,23,13,2023-12-15
PHO,24,13,2023-12-15
ORL,23,16,2023-12-15
BOS,23,18,2023-12-15
ATL,24,10,2023-12-16
CLE,25,13,2023-12-16
BRK,24,13,2023-12-16
GSW,24,10,2023-12-16
CHI,26,10,2023-12-16
MIA,25,14,2023-12-16
DAL,24,15,2023-12-16
POR,23,6,2023-12-16
DET,25,2,2023-12-16
MIL,24,17,2023-12-16
IND,23,13,2023-12-16
MIN,23,18,2023-12-16
NYK,24,14,2023-12-16
LAC,24,14,2023-12-16
OKC,23,15,2023-12-16
DEN,26,17,2023-12-16
PHI,24,17,2023-12-16
CHO,23,7,2023-12-16
UTA,25,9,2023-12-16
SAC,23,14,2023-12-16
GSW,25,11,2023-12-17
POR,24,6,2023-12-17
HOU,22,13,2023-12-17
MIL,25,18,2023-12-17
NOP,26,15,2023-12-17
SAS,24,4,2023-12-17
ORL,24,16,2023-12-17
BOS,24,19,2023-12-17
WAS,24,4,2023-12-17
PHO,25,13,2023-12-17
BRK,25,13,2023-12-18
UTA,26,9,2023-12-18
CHI,27,10,2023-12-18
PHI,25,18,2023-12-18
CHO,24,7,2023-12-18
TOR,25,10,2023-12-18
DAL,25,16,2023-12-18
DEN,27,17,2023-12-18
DET,26,2,2023-12-18
ATL,25,10,2023-12-18
HOU,23,13,2023-12-18
CLE,26,14,2023-12-18
LAC,25,15,2023-12-18
IND,24,13,2023-12-18
MEM,24,6,2023-12-18
OKC,24,16,2023-12-18
MIN,24,19,2023-12-18
MIA,26,15,2023-12-18
NYK,25,14,2023-12-18
LAL,26,15,2023-12-18
WAS,25,4,2023-12-18
SAC,24,15,2023-12-18
BOS,25,20,2023-12-19
GSW,26,12,2023-12-19
MEM,25,6,2023-12-19
NOP,27,16,2023-12-19
PHO,26,14,2023-12-19
POR,25,6,2023-12-19
SAS,25,4,2023-12-19
MIL,26,19,2023-12-19
ATL,26,11,2023-12-20
HOU,24,13,2023-12-20
BOS,26,20,2023-12-20
SAC,25,16,2023-12-20
CHO,25,7,2023-12-20
IND,25,13,2023-12-20
DEN,28,18,2023-12-20
TOR,26,11,2023-12-20
LAC,26,16,2023-12-20
DAL,26,16,2023-12-20
LAL,27,15,2023-12-20
CHI,28,11,2023-12-20
MIA,27,15,2023-12-20
ORL,25,16,2023-12-20
MIN,25,20,2023-12-20
PHI,26,18,2023-12-20
NYK,26,15,2023-12-20
BRK,26,13,2023-12-20
UTA,27,10,2023-12-20
CLE,27,15,2023-12-20
IND,26,14,2023-12-21
MEM,26,7,2023-12-21
LAC,27,17,2023-12-21
OKC,25,17,2023-12-21
LAL,28,15,2023-12-21
MIN,26,20,2023-12-21
NOP,28,16,2023-12-21
CLE,28,16,2023-12-21
ORL,26,16,2023-12-21
MIL,27,20,2023-12-21
SAS,26,4,2023-12-21
CHI,29,12,2023-12-21
UTA,28,10,2023-12-21
DET,27,2,2023-12-21
WAS,26,4,2023-12-21
POR,26,7,2023-12-21
ATL,27,12,2023-12-22
MIA,28,16,2023-12-22
DAL,27,16,2023-12-22
HOU,25,13,2023-12-22
DEN,29,19,2023-12-22
BRK,27,13,2023-12-22
PHO,27,14,2023-12-22
SAC,26,16,2023-12-22
TOR,27,11,2023-12-22
PHI,27,19,2023-12-22
WAS,27,5,2023-12-22
GSW,27,13,2023-12-22
BOS,27,21,2023-12-23
LAC,28,17,2023-12-23
CLE,29,16,2023-12-23
CHI,30,13,2023-12-23
DEN,30,20,2023-12-23
CHO,26,7,2023-12-23
DET,28,2,2023-12-23
BRK,28,13,2023-12-23
HOU,26,14,2023-12-23
NOP,29,17,2023-12-23
LAL,29,15,2023-12-23
OKC,26,18,2023-12-23
MEM,27,8,2023-12-23
ATL,28,12,2023-12-23
MIL,28,21,2023-12-23
NYK,27,16,2023-12-23
MIN,27,21,2023-12-23
SAC,27,17,2023-12-23
ORL,27,16,2023-12-23
IND,27,14,2023-12-23
POR,27,7,2023-12-23
GSW,28,14,2023-12-23
SAS,27,4,2023-12-23
DAL,28,16,2023-12-23
UTA,29,11,2023-12-23
TOR,28,11,2023-12-23
BOS,28,22,2023-12-25
LAL,30,16,2023-12-25
DAL,29,17,2023-12-25
PHO,28,14,2023-12-25
GSW,29,15,2023-12-25
DEN,31,21,2023-12-25
MIL,29,22,2023-12-25
NYK,28,16,2023-12-25
PHI,28,20,2023-12-25
MIA,29,17,2023-12-25
ATL,29,12,2023-12-26
CHI,31,13,2023-12-26
BRK,29,14,2023-12-26
DET,29,2,2023-12-26
CHO,27,7,2023-12-26
LAC,29,17,2023-12-26
IND,28,14,2023-12-26
HOU,27,15,2023-12-26
MEM,28,9,2023-12-26
NOP,30,17,2023-12-26
MIN,28,22,2023-12-26
OKC,27,18,2023-12-26
ORL,28,17,2023-12-26
WAS,28,5,2023-12-26
SAC,28,17,2023-12-26
POR,28,7,2023-12-26
UTA,30,12,2023-12-26
SAS,28,4,2023-12-26
CLE,30,17,2023-12-27
DAL,30,18,2023-12-27
MIL,30,22,2023-12-27
BRK,30,15,2023-12-27
NYK,29,17,2023-12-27
OKC,28,19,2023-12-27
PHI,29,20,2023-12-27
ORL,29,18,2023-12-27
PHO,29,14,2023-12-27
HOU,28,15,2023-12-27
TOR,29,11,2023-12-27
WAS,29,5,2023-12-27
CHO,28,7,2023-12-28
LAL,31,16,2023-12-28
DAL,31,18,2023-12-28
MIN,29,22,2023-12-28
DET,30,2,2023-12-28
BOS,29,23,2023-12-28
IND,29,15,2023-12-28
CHI,32,14,2023-12-28
MEM,29,10,2023-12-28
DEN,32,22,2023-12-28
MIA,30,18,2023-12-28
GSW,30,15,2023-12-28
SAS,29,4,2023-12-28
POR,29,8,2023-12-28
UTA,31,13,2023-12-28
NOP,31,17,2023-12-28
BRK,31,15,2023-12-29
WAS,30,5,2023-12-29
CHO,29,7,2023-12-29
PHO,30,15,2023-12-29
MEM,30,10,2023-12-29
LAC,30,18,2023-12-29
MIL,31,23,2023-12-29
CLE,31,18,2023-12-29
NYK,30,17,2023-12-29
ORL,30,18,2023-12-29
OKC,29,20,2023-12-29
DEN,33,23,2023-12-29
PHI,30,21,2023-12-29
HOU,29,15,2023-12-29
SAC,29,17,2023-12-29
ATL,30,12,2023-12-29
SAS,30,5,2023-12-29
POR,30,8,2023-12-29
TOR,30,12,2023-12-29
BOS,30,24,2023-12-29
DAL,32,18,2023-12-30
GSW,31,15,2023-12-30
LAL,32,17,2023-12-30
MIN,30,23,2023-12-30
MIA,31,19,2023-12-30
UTA,32,13,2023-12-30
NYK,31,17,2023-12-30
IND,30,16,2023-12-30
PHI,31,22,2023-12-30
CHI,33,14,2023-12-30
TOR,31,12,2023-12-30
DET,31,2,2023-12-30
ATL,31,12,2023-12-31
WAS,31,6,2023-12-31
BOS,31,25,2023-12-31
SAS,31,5,2023-12-31
BRK,32,15,2023-12-31
OKC,30,21,2023-12-31
LAL,33,17,2023-12-31
NOP,32,18,2023-12-31
ORL,31,19,2023-12-31
PHO,31,16,2023-12-31
SAC,30,18,2023-12-31
MEM,31,10,2023-12-31
CHO,30,7,2024-01-01
DEN,34,23,2024-01-01
CLE,32,18,2024-01-01
TOR,32,12,2024-01-01
DAL,33,19,2024-01-01
UTA,33,14,2024-01-01
DET,32,3,2024-01-01
HOU,30,15,2024-01-01
IND,31,17,2024-01-01
MIL,32,24,2024-01-01
MIA,32,19,2024-01-01
LAC,31,19,2024-01-01
MIN,31,24,2024-01-01
NYK,32,17,2024-01-01
POR,31,9,2024-01-01
PHO,32,17,2024-01-01
BOS,32,26,2024-01-02
OKC,31,22,2024-01-02
BRK,33,15,2024-01-02
NOP,33,19,2024-01-02
CHI,34,15,2024-01-02
PHI,32,22,2024-01-02
CHO,31,7,2024-01-02
SAC,31,19,2024-01-02
ORL,32,19,2024-01-02
GSW,32,15,2024-01-02
SAS,32,5,2024-01-02
MEM,32,10,2024-01-02
BRK,34,15,2024-01-03
HOU,31,16,2024-01-03
CHI,35,15,2024-01-03
NYK,33,18,2024-01-03
DET,33,3,2024-01-03
UTA,34,15,2024-01-03
LAC,32,20,2024-01-03
PHO,33,18,2024-01-03
MIA,33,19,2024-01-03
LAL,34,17,2024-01-03
MIL,33,24,2024-01-03
IND,32,18,2024-01-03
NOP,34,20,2024-01-03
MIN,32,24,2024-01-03
OKC,32,23,2024-01-03
ATL,32,13,2024-01-03
ORL,33,19,2024-01-03
SAC,32,19,2024-01-03
POR,32,9,2024-01-03
DAL,34,19,2024-01-03
TOR,33,13,2024-01-03
MEM,33,11,2024-01-03
WAS,32,6,2024-01-03
CLE,33,18,2024-01-03
DEN,35,24,2024-01-04
GSW,33,16,2024-01-04
MIL,34,24,2024-01-04
SAS,33,5,2024-01-04
ATL,33,14,2024-01-05
IND,33,19,2024-01-05
CHO,32,8,2024-01-05
CHI,36,15,2024-01-05
DET,34,3,2024-01-05
GSW,34,16,2024-01-05
LAC,33,21,2024-01-05
NOP,35,21,2024-01-05
MEM,34,11,2024-01-05
LAL,35,17,2024-01-05
MIA,34,20,2024-01-05
PHO,34,18,2024-01-05
MIN,33,24,2024-01-05
HOU,32,17,2024-01-05
NYK,34,19,2024-01-05
PHI,33,23,2024-01-05
OKC,33,23,2024-01-05
BRK,35,15,2024-01-05
ORL,34,19,2024-01-05
DEN,36,25,2024-01-05
POR,33,9,2024-01-05
DAL,35,20,2024-01-05
TOR,34,14,2024-01-05
SAC,33,20,2024-01-05
UTA,35,16,2024-01-05
BOS,33,26,2024-01-05
WAS,33,6,2024-01-05
CLE,34,19,2024-01-05
BOS,34,27,2024-01-06
IND,34,20,2024-01-06
MIL,35,25,2024-01-06
HOU,33,17,2024-01-06
NYK,35,20,2024-01-06
WAS,34,6,2024-01-06
UTA,36,16,2024-01-06
PHI,34,23,2024-01-06
ATL,34,14,2024-01-07
ORL,35,20,2024-01-07
DET,35,3,2024-01-07
DEN,37,25,2024-01-07
LAC,34,22,2024-01-07
LAL,36,17,2024-01-07
MEM,35,12,2024-01-07
PHO,35,19,2024-01-07
MIN,34,25,2024-01-07
DAL,36,21,2024-01-07
NOP,36,21,2024-01-07
SAC,34,21,2024-01-07
POR,34,9,2024-01-07
BRK,36,16,2024-01-07
SAS,34,5,2024-01-07
CLE,35,20,2024-01-07
TOR,35,14,2024-01-07
GSW,35,17,2024-01-07
BOS,35,28,2024-01-08
IND,35,20,2024-01-08
CHI,37,16,2024-01-08
CHO,33,8,2024-01-08
HOU,34,18,2024-01-08
MIA,35,20,2024-01-08
OKC,34,23,2024-01-08
WAS,35,6,2024-01-08
PHO,36,19,2024-01-08
LAC,35,22,2024-01-08
UTA,37,17,2024-01-08
MIL,36,25,2024-01-08
MEM,36,13,2024-01-09
DAL,37,22,2024-01-09
MIN,35,25,2024-01-09
ORL,36,21,2024-01-09
POR,35,10,2024-01-09
NYK,36,21,2024-01-09
SAC,35,21,2024-01-09
DET,36,3,2024-01-09
TOR,36,15,2024-01-09
LAL,37,18,2024-01-09
DEN,38,26,2024-01-10
UTA,38,18,2024-01-10
HOU,35,18,2024-01-10
CHI,38,17,2024-01-10
MIN,36,26,2024-01-10
BOS,36,28,2024-01-10
NOP,37,22,2024-01-10
GSW,36,17,2024-01-10
OKC,35,24,2024-01-10
MIA,36,21,2024-01-10
PHI,35,23,2024-01-10
ATL,35,14,2024-01-10
SAC,36,22,2024-01-10
CHO,34,8,2024-01-10
SAS,35,5,2024-01-10
DET,37,3,2024-01-10
TOR,37,15,2024-01-10
LAC,36,23,2024-01-10
WAS,36,6,2024-01-10
IND,36,21,2024-01-10
BOS,37,29,2024-01-11
MIL,37,25,2024-01-11
BRK,37,16,2024-01-11
CLE,36,21,2024-01-11
NYK,37,22,2024-01-11
DAL,38,22,2024-01-11
PHO,37,19,2024-01-11
LAL,38,19,2024-01-11
POR,36,10,2024-01-11
OKC,36,25,2024-01-11
CHO,35,8,2024-01-12
SAS,36,6,2024-01-12
GSW,37,17,2024-01-12
CHI,39,18,2024-01-12
HOU,36,18,2024-01-12
DET,38,3,2024-01-12
IND,37,22,2024-01-12
ATL,36,15,2024-01-12
LAC,37,24,2024-01-12
MEM,37,14,2024-01-12
NOP,38,23,2024-01-12
DEN,39,26,2024-01-12
ORL,37,21,2024-01-12
MIA,37,21,2024-01-12
POR,37,10,2024-01-12
MIN,37,26,2024-01-12
SAC,37,23,2024-01-12
PHI,36,23,2024-01-12
TOR,38,15,2024-01-12
UTA,39,19,2024-01-12
CHI,40,18,2024-01-13
SAS,37,7,2024-01-13
GSW,38,18,2024-01-13
MIL,38,26,2024-01-13
HOU,37,19,2024-01-13
BOS,38,29,2024-01-13
LAL,39,19,2024-01-13
UTA,40,20,2024-01-13
NOP,39,23,2024-01-13
DAL,39,23,2024-01-13
NYK,38,22,2024-01-13
MEM,38,14,2024-01-13
ORL,38,21,2024-01-13
OKC,37,26,2024-01-13
WAS,37,6,2024-01-13
ATL,37,15,2024-01-13
CHO,36,8,2024-01-14
MIA,38,22,2024-01-14
IND,38,23,2024-01-14
DEN,40,27,2024-01-14
LAC,38,25,2024-01-14
MIN,38,27,2024-01-14
PHO,38,20,2024-01-14
POR,38,10,2024-01-14
SAC,38,23,2024-01-14
MIL,39,27,2024-01-14
BOS,39,30,2024-01-15
TOR,39,15,2024-01-15
CHI,41,19,2024-01-15
CLE,37,22,2024-01-15
DET,39,3,2024-01-15
WAS,38,7,2024-01-15
GSW,39,18,2024-01-15
MEM,39,14,2024-01-15
HOU,38,19,2024-01-15
PHI,37,24,2024-01-15
IND,39,23,2024-01-15
UTA,41,21,2024-01-15
MIA,39,23,2024-01-15
BRK,38,16,2024-01-15
NOP,40,24,2024-01-15
DAL,40,23,2024-01-15
OKC,38,27,2024-01-15
LAL,40,19,2024-01-15
ORL,39,21,2024-01-15
NYK,39,23,2024-01-15
SAS,38,7,2024-01-15
ATL,38,15,2024-01-15
DEN,41,28,2024-01-16
PHI,38,25,2024-01-16
OKC,39,27,2024-01-16
LAC,39,25,2024-01-16
SAC,39,23,2024-01-16
PHO,39,21,2024-01-16
BRK,39,16,2024-01-17
POR,39,10,2024-01-17
CHO,37,8,2024-01-17
NOP,41,24,2024-01-17
DAL,41,24,2024-01-17
LAL,41,20,2024-01-17
HOU,39,19,2024-01-17
NYK,40,23,2024-01-17
MIA,40,24,2024-01-17
TOR,40,15,2024-01-17
MIL,40,28,2024-01-17
CLE,38,23,2024-01-17
MIN,39,28,2024-01-17
DET,40,4,2024-01-17
ORL,40,22,2024-01-17
ATL,39,16,2024-01-17
SAS,39,7,2024-01-17
BOS,40,31,2024-01-17
CHI,42,19,2024-01-18
TOR,41,16,2024-01-18
IND,40,23,2024-01-18
SAC,40,23,2024-01-18
MEM,40,15,2024-01-18
MIN,40,29,2024-01-18
OKC,40,27,2024-01-18
UTA,42,22,2024-01-18
WAS,39,7,2024-01-18
NYK,41,24,2024-01-18
ATL,40,17,2024-01-19
MIA,41,24,2024-01-19
BRK,40,16,2024-01-19
LAL,42,21,2024-01-19
DEN,42,28,2024-01-19
BOS,41,32,2024-01-19
IND,41,24,2024-01-19
POR,40,11,2024-01-19
PHI,39,26,2024-01-19
ORL,41,22,2024-01-19
PHO,40,22,2024-01-19
NOP,42,25,2024-01-19
SAS,40,7,2024-01-19
CHO,38,8,2024-01-19
CLE,39,24,2024-01-20
ATL,41,18,2024-01-20
MEM,41,15,2024-01-20
CHI,43,20,2024-01-20
MIL,41,28,2024-01-20
DET,41,4,2024-01-20
OKC,41,28,2024-01-20
MIN,41,30,2024-01-20
PHI,40,27,2024-01-20
CHO,39,9,2024-01-20
SAS,41,7,2024-01-20
WAS,40,7,2024-01-20
TOR,42,16,2024-01-20
NYK,42,25,2024-01-20
UTA,43,22,2024-01-20
HOU,40,19,2024-01-20
BOS,42,32,2024-01-21
HOU,41,20,2024-01-21
BRK,41,17,2024-01-21
LAC,40,26,2024-01-21
DEN,43,29,2024-01-21
WAS,41,7,2024-01-21
IND,42,24,2024-01-21
PHO,41,23,2024-01-21
MIA,42,24,2024-01-21
ORL,42,22,2024-01-21
POR,41,12,2024-01-21
LAL,43,21,2024-01-21
ATL,42,18,2024-01-22
SAC,41,23,2024-01-22
BOS,43,33,2024-01-22
DAL,42,24,2024-01-22
CHI,44,21,2024-01-22
PHO,42,24,2024-01-22
CHO,40,9,2024-01-22
MIN,42,30,2024-01-22
CLE,40,25,2024-01-22
ORL,43,23,2024-01-22
MEM,42,15,2024-01-22
TOR,43,16,2024-01-22
MIL,42,29,2024-01-22
DET,42,4,2024-01-22
SAS,42,8,2024-01-22
PHI,41,28,2024-01-22
DEN,44,30,2024-01-23
IND,43,24,2024-01-23
LAL,44,22,2024-01-23
LAC,41,27,2024-01-23
NYK,43,26,2024-01-23
BRK,42,17,2024-01-23
POR,42,12,2024-01-23
OKC,42,29,2024-01-23
UTA,44,22,2024-01-23
NOP,43,25,2024-01-23
ATL,43,18,2024-01-24
GSW,40,18,2024-01-24
CHO,41,10,2024-01-24
DET,43,4,2024-01-24
CLE,41,26,2024-01-24
MIL,43,30,2024-01-24
MEM,43,16,2024-01-24
MIA,43,24,2024-01-24
MIN,43,30,2024-01-24
WAS,42,7,2024-01-24
OKC,43,30,2024-01-24
SAS,43,8,2024-01-24
PHO,43,25,2024-01-24
DAL,43,24,2024-01-24
POR,43,12,2024-01-24
HOU,42,20,2024-01-24
BOS,44,34,2024-01-25
MIA,44,24,2024-01-25
CHI,45,21,2024-01-25
LAL,45,22,2024-01-25
DEN,45,31,2024-01-25
NYK,44,27,2024-01-25
MIN,44,31,2024-01-25
BRK,43,17,2024-01-25
PHI,42,29,2024-01-25
IND,44,24,2024-01-25
SAC,42,24,2024-01-25
GSW,41,19,2024-01-25
UTA,45,22,2024-01-25
WAS,43,7,2024-01-25
CLE,42,26,2024-01-26
MIL,44,31,2024-01-26
DAL,44,24,2024-01-26
ATL,44,18,2024-01-26
HOU,43,20,2024-01-26
CHO,42,10,2024-01-26
LAC,42,28,2024-01-26
TOR,44,16,2024-01-26
OKC,44,31,2024-01-26
NOP,44,26,2024-01-26
ORL,44,23,2024-01-26
MEM,44,17,2024-01-26
PHO,44,26,2024-01-26
IND,45,25,2024-01-26
POR,44,13,2024-01-26
SAS,44,8,2024-01-26
HOU,44,21,2024-01-27
BRK,44,17,2024-01-27
LAC,43,29,2024-01-27
BOS,45,35,2024-01-27
LAL,46,23,2024-01-27
GSW,42,19,2024-01-27
MIA,45,24,2024-01-27
NYK,45,28,2024-01-27
MIN,45,32,2024-01-27
SAS,45,9,2024-01-27
NOP,45,26,2024-01-27
MIL,45,31,2024-01-27
PHI,43,29,2024-01-27
DEN,46,31,2024-01-27
SAC,43,25,2024-01-27
DAL,45,25,2024-01-27
UTA,46,23,2024-01-27
CHO,43,10,2024-01-27
WAS,44,7,2024-01-27
DET,44,5,2024-01-27
CHI,46,21,2024-01-28
POR,45,13,2024-01-28
MEM,45,18,2024-01-28
IND,46,26,2024-01-28
OKC,45,32,2024-01-28
DET,45,5,2024-01-28
PHO,45,26,2024-01-28
ORL,45,23,2024-01-28
TOR,45,16,2024-01-28
ATL,45,18,2024-01-28
LAC,44,30,2024-01-29
CLE,43,27,2024-01-29
LAL,47,24,2024-01-29
HOU,45,21,2024-01-29
MIL,46,32,2024-01-29
DEN,47,32,2024-01-29
MIN,46,32,2024-01-29
OKC,46,32,2024-01-29
NOP,46,26,2024-01-29
BOS,46,35,2024-01-29
NYK,46,29,2024-01-29
CHO,44,10,2024-01-29
ORL,46,24,2024-01-29
DAL,46,25,2024-01-29
PHI,44,29,2024-01-29
POR,46,13,2024-01-29
PHO,46,26,2024-01-29
MIA,46,24,2024-01-29
SAC,44,26,2024-01-29
MEM,46,18,2024-01-29
UTA,47,24,2024-01-29
BRK,45,18,2024-01-29
WAS,45,8,2024-01-29
SAS,46,10,2024-01-29
IND,47,27,2024-01-30
BOS,47,36,2024-01-30
LAL,48,24,2024-01-30
ATL,46,19,2024-01-30
PHI,45,29,2024-01-30
GSW,43,19,2024-01-30
TOR,46,16,2024-01-30
CHI,47,22,2024-01-30
UTA,48,24,2024-01-30
NYK,47,30,2024-01-30
CHI,48,22,2024-01-31
CHO,45,10,2024-01-31
DAL,47,26,2024-01-31
MIN,47,33,2024-01-31
DEN,48,33,2024-01-31
OKC,47,32,2024-01-31
DET,46,6,2024-01-31
CLE,44,28,2024-01-31
LAC,45,30,2024-01-31
WAS,46,9,2024-01-31
MIL,47,32,2024-01-31
POR,47,14,2024-01-31
NOP,47,26,2024-01-31
HOU,46,22,2024-01-31
ORL,47,24,2024-01-31
SAS,47,10,2024-01-31
PHO,47,27,2024-01-31
BRK,46,19,2024-01-31
SAC,45,27,2024-01-31
MIA,47,24,2024-01-31
CLE,45,29,2024-02-01
MEM,47,18,2024-02-01
IND,48,27,2024-02-01
NYK,48,31,2024-02-01
LAL,49,24,2024-02-01
BOS,48,37,2024-02-01
PHI,46,29,2024-02-01
UTA,49,24,2024-02-01
CHO,46,10,2024-02-02
OKC,48,33,2024-02-02
GSW,44,20,2024-02-02
MEM,48,18,2024-02-02
LAC,46,31,2024-02-02
DET,47,6,2024-02-02
MIA,48,25,2024-02-02
WAS,47,9,2024-02-02
NOP,48,27,2024-02-02
SAS,48,10,2024-02-02
ORL,48,25,2024-02-02
MIN,48,34,2024-02-02
PHO,48,28,2024-02-02
ATL,47,20,2024-02-02
POR,48,15,2024-02-02
DEN,49,33,2024-02-02
SAC,46,27,2024-02-02
IND,49,27,2024-02-02
TOR,47,17,2024-02-02
HOU,47,22,2024-02-02
BRK,47,19,2024-02-03
PHI,47,30,2024-02-03
CLE,46,30,2024-02-03
SAS,49,10,2024-02-03
GSW,45,21,2024-02-03
ATL,48,21,2024-02-03
LAL,50,25,2024-02-03
NYK,49,32,2024-02-03
MIL,48,32,2024-02-03
DAL,48,26,2024-02-03
SAC,47,28,2024-02-03
CHI,49,23,2024-02-03
HOU,48,23,2024-02-04
MIN,49,34,2024-02-04
IND,50,27,2024-02-04
CHO,47,10,2024-02-04
LAC,47,32,2024-02-04
MIA,49,26,2024-02-04
MEM,49,18,2024-02-04
BOS,49,37,2024-02-04
MIL,49,33,2024-02-04
UTA,50,24,2024-02-04
ORL,49,26,2024-02-04
DET,48,6,2024-02-04
PHO,49,28,2024-02-04
WAS,48,9,2024-02-04
POR,49,15,2024-02-04
DEN,50,34,2024-02-04
TOR,48,17,2024-02-04
OKC,49,34,2024-02-04
DAL,49,26,2024-02-05
PHI,48,30,2024-02-05
GSW,46,21,2024-02-05
BRK,48,20,2024-02-05
LAC,48,33,2024-02-05
ATL,49,22,2024-02-05
LAL,51,26,2024-02-05
CHO,48,10,2024-02-05
SAC,48,29,2024-02-05
CLE,47,31,2024-02-05
TOR,49,17,2024-02-05
NOP,49,28,2024-02-05
DAL,50,27,2024-02-06
BRK,49,20,2024-02-06
HOU,49,23,2024-02-06
IND,51,28,2024-02-06
MEM,50,18,2024-02-06
NYK,50,32,2024-02-06
MIL,50,33,2024-02-06
PHO,50,29,2024-02-06
MIN,50,35,2024-02-06
CHI,50,23,2024-02-06
OKC,50,35,2024-02-06
UTA,51,25,2024-02-06
ORL,50,27,2024-02-06
MIA,50,26,2024-02-06
ATL,50,22,2024-02-07
BOS,50,38,2024-02-07
CLE,48,32,2024-02-07
WAS,49,9,2024-02-07
DET,49,6,2024-02-07
SAC,49,29,2024-02-07
GSW,47,22,2024-02-07
PHI,49,30,2024-02-07
NOP,50,29,2024-02-07
LAC,49,34,2024-02-07
SAS,50,10,2024-02-07
MIA,51,27,2024-02-07
TOR,50,17,2024-02-07
CHO,49,10,2024-02-07
CHI,51,24,2024-02-08
MEM,51,18,2024-02-08
CLE,49,33,2024-02-08
BRK,50,20,2024-02-08
DAL,51,28,2024-02-08
NYK,51,33,2024-02-08
DEN,51,35,2024-02-08
LAL,52,27,2024-02-08
DET,50,7,2024-02-08
POR,50,15,2024-02-08
GSW,48,23,2024-02-08
IND,52,29,2024-02-08
MIN,51,35,2024-02-08
MIL,51,33,2024-02-08
SAS,51,10,2024-02-08
ORL,51,27,2024-02-08
UTA,52,26,2024-02-08
PHO,51,30,2024-02-08
ATL,51,22,2024-02-09
PHI,50,30,2024-02-09
CHO,50,10,2024-02-09
MIL,52,33,2024-02-09
DEN,52,36,2024-02-09
SAC,50,29,2024-02-09
HOU,50,23,2024-02-09
TOR,51,18,2024-02-09
NOP,51,30,2024-02-09
LAL,53,27,2024-02-09
WAS,50,9,2024-02-09
BOS,51,39,2024-02-09
CHI,52,25,2024-02-10
ORL,52,28,2024-02-10
CLE,50,34,2024-02-10
TOR,52,19,2024-02-10
DET,51,8,2024-02-10
LAC,50,34,2024-02-10
HOU,51,23,2024-02-10
ATL,52,23,2024-02-10
IND,53,29,2024-02-10
NYK,52,33,2024-02-10
MEM,52,18,2024-02-10
CHO,51,10,2024-02-10
NOP,52,30,2024-02-10
POR,51,15,2024-02-10
OKC,51,35,2024-02-10
DAL,52,29,2024-02-10
PHI,51,30,2024-02-10
WAS,51,9,2024-02-10
PHO,52,31,2024-02-10
GSW,49,24,2024-02-10
SAS,52,10,2024-02-10
BRK,51,20,2024-02-10
BOS,52,40,2024-02-11
MIA,52,28,2024-02-11
SAC,51,30,2024-02-11
OKC,52,35,2024-02-11
CHI,53,25,2024-02-12
ATL,53,24,2024-02-12
DEN,53,36,2024-02-12
MIL,53,34,2024-02-12
GSW,50,25,2024-02-12
UTA,53,26,2024-02-12
IND,54,30,2024-02-12
CHO,52,11,2024-02-12
MIN,52,36,2024-02-12
LAC,51,35,2024-02-12
NOP,53,31,2024-02-12
MEM,53,18,2024-02-12
NYK,53,33,2024-02-12
HOU,52,23,2024-02-12
PHI,52,31,2024-02-12
CLE,51,35,2024-02-12
SAS,53,10,2024-02-12
TOR,53,19,2024-02-12
WAS,52,9,2024-02-12
DAL,53,30,2024-02-12
BOS,53,41,2024-02-13
BRK,52,21,2024-02-13
DET,52,8,2024-02-13
LAL,54,28,2024-02-13
MIA,53,28,2024-02-13
MIL,54,35,2024-02-13
MIN,53,37,2024-02-13
POR,52,15,2024-02-13
OKC,53,36,2024-02-13
ORL,53,29,2024-02-13
SAC,52,30,2024-02-13
PHO,53,31,2024-02-13
ATL,54,24,2024-02-14
CHO,53,12,2024-02-14
BRK,53,21,2024-02-14
BOS,54,42,2024-02-14
CHI,54,26,2024-02-14
CLE,52,35,2024-02-14
DET,53,8,2024-02-14
PHO,54,32,2024-02-14
HOU,53,24,2024-02-14
MEM,54,18,2024-02-14
IND,55,30,2024-02-14
TOR,54,19,2024-02-14
LAC,52,35,2024-02-14
GSW,51,26,2024-02-14
LAL,55,29,2024-02-14
UTA,54,26,2024-02-14
MIA,54,29,2024-02-14
PHI,53,32,2024-02-14
NYK,54,33,2024-02-14
ORL,54,29,2024-02-14
SAC,53,30,2024-02-14
DEN,54,36,2024-02-14
SAS,54,11,2024-02-14
DAL,54,31,2024-02-14
WAS,53,9,2024-02-14
NOP,54,32,2024-02-14
GSW,52,26,2024-02-15
UTA,55,26,2024-02-15
MIL,55,35,2024-02-15
MEM,55,19,2024-02-15
MIN,54,38,2024-02-15
POR,53,15,2024-02-15
BOS,55,43,2024-02-22
CHI,55,26,2024-02-22
BRK,54,21,2024-02-22
TOR,55,19,2024-02-22
CHO,54,13,2024-02-22
UTA,56,26,2024-02-22
DET,54,8,2024-02-22
IND,56,31,2024-02-22
HOU,54,24,2024-02-22
NOP,55,33,2024-02-22
LAC,53,36,2024-02-22
OKC,54,37,2024-02-22
LAL,56,30,2024-02-22
GSW,53,27,2024-02-22
NYK,55,33,2024-02-22
PHI,54,32,2024-02-22
ORL,55,30,2024-02-22
CLE,53,36,2024-02-22
PHO,55,33,2024-02-22
DAL,55,32,2024-02-22
SAS,55,11,2024-02-22
SAC,54,31,2024-02-22
WAS,54,9,2024-02-22
DEN,55,36,2024-02-22
CHO,55,14,2024-02-23
GSW,54,28,2024-02-23
CLE,54,36,2024-02-23
PHI,55,32,2024-02-23
DEN,56,37,2024-02-23
POR,54,15,2024-02-23
LAC,54,36,2024-02-23
MEM,56,20,2024-02-23
MIA,55,30,2024-02-23
NOP,56,34,2024-02-23
MIL,56,35,2024-02-23
MIN,55,39,2024-02-23
PHO,56,33,2024-02-23
HOU,55,24,2024-02-23
SAS,56,11,2024-02-23
LAL,57,30,2024-02-23
TOR,56,20,2024-02-23
ATL,55,24,2024-02-23
WAS,55,9,2024-02-23
OKC,55,38,2024-02-23
BOS,56,44,2024-02-24
NYK,56,34,2024-02-24
BRK,55,21,2024-02-24
MIN,56,39,2024-02-24
ORL,56,31,2024-02-24
DET,55,8,2024-02-24
CHI,56,26,2024-02-25
NOP,57,34,2024-02-25
CHO,56,14,2024-02-25
POR,55,15,2024-02-25
CLE,55,36,2024-02-25
WAS,56,9,2024-02-25
DAL,56,33,2024-02-25
IND,57,32,2024-02-25
DEN,57,38,2024-02-25
GSW,55,29,2024-02-25
LAL,58,31,2024-02-25
PHO,57,33,2024-02-25
MIL,57,36,2024-02-25
PHI,56,33,2024-02-25
OKC,56,39,2024-02-25
HOU,56,25,2024-02-25
ORL,57,32,2024-02-25
ATL,56,24,2024-02-25
SAC,55,32,2024-02-25
LAC,55,37,2024-02-25
SAS,57,11,2024-02-25
UTA,57,26,2024-02-25
BRK,56,21,2024-02-26
MEM,57,20,2024-02-26
DET,56,8,2024-02-26
NYK,57,34,2024-02-26
MIA,56,31,2024-02-26
SAC,56,33,2024-02-26
TOR,57,21,2024-02-26
IND,58,33,2024-02-26
BRK,57,22,2024-02-27
ORL,58,32,2024-02-27
CHO,57,15,2024-02-27
MIL,58,37,2024-02-27
DAL,57,33,2024-02-27
CLE,56,37,2024-02-27
DET,57,8,2024-02-27
CHI,57,27,2024-02-27
GSW,56,29,2024-02-27
WAS,57,9,2024-02-27
HOU,57,25,2024-02-27
OKC,57,40,2024-02-27
MIA,57,32,2024-02-27
POR,56,15,2024-02-27
NOP,58,34,2024-02-27
NYK,58,35,2024-02-27
PHI,57,33,2024-02-27
BOS,57,45,2024-02-27
SAS,58,11,2024-02-27
MIN,57,40,2024-02-27
UTA,58,27,2024-02-27
ATL,57,25,2024-02-27
CLE,57,38,2024-02-28
CHI,58,27,2024-02-28
DAL,58,33,2024-02-28
TOR,58,22,2024-02-28
LAL,59,31,2024-02-28
LAC,56,37,2024-02-28
MEM,58,20,2024-02-28
MIN,58,41,2024-02-28
NOP,59,35,2024-02-28
IND,59,33,2024-02-28
SAC,57,33,2024-02-28
DEN,58,39,2024-02-28
ATL,58,26,2024-02-29
BRK,58,22,2024-02-29
GSW,57,30,2024-02-29
NYK,59,35,2024-02-29
HOU,58,25,2024-02-29
PHO,58,34,2024-02-29
MIA,58,33,2024-02-29
DEN,59,40,2024-02-29
MIL,59,38,2024-02-29
CHO,58,15,2024-02-29
OKC,58,41,2024-02-29
SAS,59,11,2024-02-29
UTA,59,27,2024-02-29
ORL,59,33,2024-02-29
WAS,58,9,2024-02-29
LAL,60,32,2024-02-29
CHO,59,15,2024-03-01
PHI,58,33,2024-03-01
CLE,58,38,2024-03-01
DET,58,9,2024-03-01
DAL,59,34,2024-03-01
BOS,58,46,2024-03-01
GSW,58,31,2024-03-01
TOR,59,22,2024-03-01
IND,60,34,2024-03-01
NOP,60,35,2024-03-01
MIL,60,39,2024-03-01
CHI,59,28,2024-03-01
POR,57,15,2024-03-01
MEM,59,20,2024-03-01
SAC,58,33,2024-03-01
MIN,59,42,2024-03-01
WAS,59,9,2024-03-01
LAC,57,37,2024-03-01
ATL,59,26,2024-03-02
BRK,59,23,2024-03-02
DEN,60,41,2024-03-02
LAL,61,33,2024-03-02
HOU,59,25,2024-03-02
PHO,59,35,2024-03-02
POR,58,16,2024-03-02
MEM,60,20,2024-03-02
UTA,60,27,2024-03-02
MIA,59,33,2024-03-02
CHO,60,15,2024-03-03
TOR,60,22,2024-03-03
DET,59,9,2024-03-03
ORL,60,34,2024-03-03
GSW,59,32,2024-03-03
BOS,59,47,2024-03-03
IND,61,34,2024-03-03
SAS,60,12,2024-03-03
LAC,58,38,2024-03-03
MIN,60,42,2024-03-03
NYK,60,35,2024-03-03
CLE,59,39,2024-03-03
OKC,59,41,2024-03-03
PHO,60,35,2024-03-03
PHI,59,34,2024-03-03
DAL,60,34,2024-03-03
CHI,60,28,2024-03-04
SAC,59,34,2024-03-04
LAC,59,39,2024-03-04
MIL,61,40,2024-03-04
MEM,61,20,2024-03-04
BRK,60,24,2024-03-04
OKC,60,42,2024-03-04
LAL,62,33,2024-03-04
POR,59,17,2024-03-04
MIN,61,42,2024-03-04
WAS,60,9,2024-03-04
UTA,61,27,2024-03-04
ATL,60,26,2024-03-05
NYK,61,36,2024-03-05
BOS,60,48,2024-03-05
CLE,60,39,2024-03-05
DET,60,9,2024-03-05
MIA,60,34,2024-03-05
IND,62,34,2024-03-05
DAL,61,34,2024-03-05
NOP,61,36,2024-03-05
TOR,61,23,2024-03-05
ORL,61,35,2024-03-05
CHO,61,15,2024-03-05
PHI,60,35,2024-03-05
BRK,61,24,2024-03-05
PHO,61,35,2024-03-05
DEN,61,42,2024-03-05
SAS,61,13,2024-03-05
HOU,60,26,2024-03-05
CHI,61,29,2024-03-06
UTA,62,28,2024-03-06
CLE,61,40,2024-03-06
ATL,61,27,2024-03-06
LAC,60,39,2024-03-06
HOU,61,27,2024-03-06
MEM,62,21,2024-03-06
PHI,61,35,2024-03-06
MIL,62,41,2024-03-06
GSW,60,32,2024-03-06
OKC,61,42,2024-03-06
POR,60,17,2024-03-06
ORL,62,36,2024-03-06
WAS,61,9,2024-03-06
SAC,60,34,2024-03-06
LAL,63,34,2024-03-06
BOS,61,48,2024-03-07
DEN,62,42,2024-03-07
BRK,62,25,2024-03-07
DET,61,9,2024-03-07
CHI,62,30,2024-03-07
GSW,61,33,2024-03-07
MIA,61,35,2024-03-07
DAL,62,34,2024-03-07
MIN,62,43,2024-03-07
IND,63,35,2024-03-07
SAS,62,13,2024-03-07
SAC,61,35,2024-03-07
TOR,62,23,2024-03-07
PHO,62,36,2024-03-07
ATL,62,28,2024-03-08
MEM,63,22,2024-03-08
CHO,62,15,2024-03-08
WAS,62,9,2024-03-08
HOU,62,27,2024-03-08
POR,61,17,2024-03-08
MIA,62,35,2024-03-08
OKC,62,43,2024-03-08
MIL,63,41,2024-03-08
LAL,64,34,2024-03-08
MIN,63,44,2024-03-08
CLE,62,40,2024-03-08
NOP,62,37,2024-03-08
PHI,62,35,2024-03-08
ORL,63,37,2024-03-08
NYK,62,36,2024-03-08
BOS,62,48,2024-03-09
PHO,63,37,2024-03-09
BRK,63,25,2024-03-09
CHO,63,15,2024-03-09
CHI,63,31,2024-03-09
LAC,61,40,2024-03-09
DAL,63,35,2024-03-09
DET,62,10,2024-03-09
SAS,63,13,2024-03-09
GSW,62,33,2024-03-09
TOR,63,23,2024-03-09
POR,62,17,2024-03-09
UTA,63,28,2024-03-09
DEN,63,43,2024-03-09
BRK,64,25,2024-03-10
CLE,63,41,2024-03-10
HOU,63,28,2024-03-10
SAC,62,36,2024-03-10
IND,64,35,2024-03-10
ORL,64,37,2024-03-10
MEM,64,22,2024-03-10
OKC,63,44,2024-03-10
MIL,64,41,2024-03-10
LAC,62,41,2024-03-10
MIN,64,44,2024-03-10
LAL,65,35,2024-03-10
NOP,63,38,2024-03-10
ATL,63,29,2024-03-10
PHI,63,35,2024-03-10
NYK,63,37,2024-03-10
WAS,63,10,2024-03-10
MIA,63,35,2024-03-10
BOS,63,49,2024-03-11
POR,63,18,2024-03-11
CHO,64,16,2024-03-11
DET,63,10,2024-03-11
DAL,64,36,2024-03-11
CHI,64,31,2024-03-11
GSW,63,33,2024-03-11
SAS,64,14,2024-03-11
PHO,64,37,2024-03-11
CLE,64,41,2024-03-11
TOR,64,23,2024-03-11
DEN,64,44,2024-03-11
BOS,64,50,2024-03-12
UTA,64,28,2024-03-12
HOU,64,29,2024-03-12
SAS,65,14,2024-03-12
IND,65,36,2024-03-12
OKC,64,45,2024-03-12
MIL,65,42,2024-03-12
SAC,63,36,2024-03-12
MIN,65,44,2024-03-12
LAC,63,41,2024-03-12
PHI,64,36,2024-03-12
NYK,64,37,2024-03-12
WAS,64,11,2024-03-12
MEM,65,22,2024-03-12
ATL,64,29,2024-03-13
POR,64,18,2024-03-13
BRK,65,26,2024-03-13
ORL,65,37,2024-03-13
CHI,65,31,2024-03-13
IND,66,37,2024-03-13
CHO,65,16,2024-03-13
MEM,66,23,2024-03-13
CLE,65,41,2024-03-13
NOP,64,39,2024-03-13
DEN,65,45,2024-03-13
MIA,64,35,2024-03-13
GSW,64,34,2024-03-13
DAL,65,37,2024-03-13
LAL,66,36,2024-03-13
SAC,64,37,2024-03-13
TOR,65,23,2024-03-13
DET,64,11,2024-03-13
DAL,66,38,2024-03-14
OKC,65,45,2024-03-14
LAC,64,41,2024-03-14
CHI,66,32,2024-03-14
NYK,65,38,2024-03-14
POR,65,19,2024-03-14
PHI,65,36,2024-03-14
MIL,66,42,2024-03-14
PHO,65,38,2024-03-14
BOS,65,51,2024-03-14
WAS,65,11,2024-03-14
HOU,65,30,2024-03-14
ATL,65,29,2024-03-15
UTA,65,28,2024-03-15
DEN,66,46,2024-03-15
SAS,66,14,2024-03-15
LAC,65,42,2024-03-15
NOP,65,39,2024-03-15
MIA,65,35,2024-03-15
DET,65,12,2024-03-15
ORL,66,38,2024-03-15
TOR,66,23,2024-03-15
PHO,66,38,2024-03-15
CHO,66,17,2024-03-15
BRK,66,26,2024-03-16
IND,67,37,2024-03-16
CHO,67,17,2024-03-16
PHI,66,36,2024-03-16
CLE,66,42,2024-03-16
HOU,66,31,2024-03-16
GSW,65,34,2024-03-16
LAL,67,36,2024-03-16
MIN,66,45,2024-03-16
UTA,66,29,2024-03-16
NYK,66,39,2024-03-16
SAC,65,38,2024-03-16
OKC,66,46,2024-03-16
MEM,67,23,2024-03-16
POR,66,19,2024-03-16
NOP,66,40,2024-03-16
WAS,66,11,2024-03-16
CHI,67,32,2024-03-16
ATL,66,29,2024-03-17
LAC,66,42,2024-03-17
BOS,66,52,2024-03-17
WAS,67,11,2024-03-17
BRK,67,26,2024-03-17
SAS,67,14,2024-03-17
DEN,67,47,2024-03-17
DAL,67,38,2024-03-17
MIA,66,36,2024-03-17
DET,66,12,2024-03-17
PHO,67,39,2024-03-17
MIL,67,43,2024-03-17
TOR,67,23,2024-03-17
ORL,67,39,2024-03-17
ATL,67,30,2024-03-18
LAL,68,36,2024-03-18
CLE,67,42,2024-03-18
IND,68,38,2024-03-18
DET,67,12,2024-03-18
BOS,67,53,2024-03-18
MEM,68,23,2024-03-18
SAC,66,38,2024-03-18
MIA,67,37,2024-03-18
PHI,67,37,2024-03-18
MIN,67,46,2024-03-18
UTA,67,29,2024-03-18
NYK,67,40,2024-03-18
GSW,66,35,2024-03-18
POR,67,19,2024-03-18
CHI,68,33,2024-03-18
CHO,68,17,2024-03-19
ORL,68,40,2024-03-19
DAL,68,39,2024-03-19
SAS,68,15,2024-03-19
DEN,68,47,2024-03-19
MIN,68,47,2024-03-19
HOU,67,32,2024-03-19
WAS,68,11,2024-03-19
NOP,67,41,2024-03-19
BRK,68,26,2024-03-19
IND,69,38,2024-03-20
DET,68,12,2024-03-20
LAC,67,42,2024-03-20
POR,68,19,2024-03-20
MEM,69,23,2024-03-20
GSW,67,35,2024-03-20
MIA,68,37,2024-03-20
CLE,68,43,2024-03-20
MIL,68,44,2024-03-20
BOS,68,54,2024-03-20
PHI,68,38,2024-03-20
PHO,68,39,2024-03-20
SAC,67,39,2024-03-20
TOR,68,23,2024-03-20
UTA,68,29,2024-03-20
OKC,67,47,2024-03-20
ATL,68,30,2024-03-21
PHO,69,40,2024-03-21
BRK,69,26,2024-03-21
MIL,69,44,2024-03-21
CHI,69,34,2024-03-21
HOU,68,33,2024-03-21
NOP,68,42,2024-03-21
ORL,69,41,2024-03-21
NYK,68,41,2024-03-21
DEN,69,48,2024-03-21
SAC,68,40,2024-03-21
WAS,69,11,2024-03-21
UTA,69,29,2024-03-21
DAL,69,40,2024-03-21
BOS,69,55,2024-03-22
DET,69,12,2024-03-22
CLE,69,43,2024-03-22
MIN,69,47,2024-03-22
IND,70,39,2024-03-22
GSW,68,36,2024-03-22
LAC,68,43,2024-03-22
POR,69,19,2024-03-22
MEM,70,23,2024-03-22
SAS,69,15,2024-03-22
NOP,69,42,2024-03-22
MIA,69,38,2024-03-22
OKC,68,48,2024-03-22
TOR,69,23,2024-03-22
PHI,69,38,2024-03-22
LAL,69,37,2024-03-22
BOS,70,56,2024-03-23
CHI,70,34,2024-03-23
BRK,70,26,2024-03-23
NYK,69,41,2024-03-23
CHO,69,17,2024-03-23
ATL,69,30,2024-03-23
DEN,70,49,2024-03-23
POR,70,19,2024-03-23
PHO,70,41,2024-03-23
SAS,70,15,2024-03-23
SAC,69,40,2024-03-23
ORL,70,42,2024-03-23
TOR,70,23,2024-03-23
WAS,70,12,2024-03-23
UTA,70,29,2024-03-23
HOU,69,34,2024-03-23
CLE,70,43,2024-03-24
MIA,70,38,2024-03-24
GSW,69,36,2024-03-24
MIN,70,48,2024-03-24
IND,71,40,2024-03-24
LAL,70,38,2024-03-24
NOP,70,43,2024-03-24
DET,70,12,2024-03-24
OKC,69,49,2024-03-24
MIL,70,45,2024-03-24
PHI,70,38,2024-03-24
LAC,69,44,2024-03-24
BOS,71,57,2024-03-25
ATL,70,31,2024-03-25
BRK,71,26,2024-03-25
TOR,71,23,2024-03-25
CHO,70,17,2024-03-25
CLE,71,43,2024-03-25
DAL,70,41,2024-03-25
UTA,71,29,2024-03-25
DET,71,12,2024-03-25
NYK,70,42,2024-03-25
IND,72,40,2024-03-25
LAC,70,44,2024-03-25
MEM,71,24,2024-03-25
DEN,71,50,2024-03-25
PHI,71,39,2024-03-25
SAC,70,41,2024-03-25
PHO,71,42,2024-03-25
SAS,71,15,2024-03-25
POR,71,19,2024-03-25
HOU,70,35,2024-03-25
WAS,71,13,2024-03-25
CHI,71,34,2024-03-25
DAL,71,42,2024-03-26
SAC,71,42,2024-03-26
GSW,70,36,2024-03-26
MIA,71,39,2024-03-26
LAL,71,39,2024-03-26
MIL,71,46,2024-03-26
OKC,70,49,2024-03-26
NOP,71,44,2024-03-26
BRK,72,27,2024-03-27
WAS,72,14,2024-03-27
CLE,72,44,2024-03-27
CHO,71,17,2024-03-27
DET,72,12,2024-03-27
MIN,71,49,2024-03-27
GSW,71,37,2024-03-27
ORL,71,42,2024-03-27
HOU,71,36,2024-03-27
OKC,71,50,2024-03-27
IND,73,41,2024-03-27
CHI,72,34,2024-03-27
LAC,71,44,2024-03-27
PHI,72,39,2024-03-27
LAL,72,40,2024-03-27
MEM,72,24,2024-03-27
NYK,71,43,2024-03-27
TOR,72,23,2024-03-27
PHO,72,42,2024-03-27
DEN,72,51,2024-03-27
POR,72,19,2024-03-27
ATL,71,32,2024-03-27
SAS,72,16,2024-03-27
UTA,72,29,2024-03-27
BOS,72,57,2024-03-28
ATL,72,33,2024-03-28
MIL,72,46,2024-03-28
NOP,72,44,2024-03-28
CHI,73,35,2024-03-29
BRK,73,28,2024-03-29
DAL,72,43,2024-03-29
SAC,72,42,2024-03-29
DET,73,12,2024-03-29
WAS,73,14,2024-03-29
GSW,72,38,2024-03-29
CHO,72,18,2024-03-29
HOU,72,37,2024-03-29
UTA,73,29,2024-03-29
LAC,72,45,2024-03-29
ORL,72,42,2024-03-29
LAL,73,41,2024-03-29
IND,74,41,2024-03-29
MIN,72,50,2024-03-29
DEN,73,51,2024-03-29
NYK,72,44,2024-03-29
SAS,73,17,2024-03-29
PHI,73,39,2024-03-29
CLE,73,44,2024-03-29
PHO,73,43,2024-03-29
OKC,72,50,2024-03-29
POR,73,19,2024-03-29
MIA,72,39,2024-03-29
BOS,73,57,2024-03-30
NOP,73,45,2024-03-30
MEM,73,24,2024-03-30
ORL,73,42,2024-03-30
MIL,73,46,2024-03-30
ATL,73,34,2024-03-30
CHI,74,35,2024-03-31
MIN,73,51,2024-03-31
CLE,74,45,2024-03-31
DEN,74,51,2024-03-31
DAL,73,44,2024-03-31
HOU,73,38,2024-03-31
GSW,73,39,2024-03-31
SAS,74,18,2024-03-31
LAC,73,46,2024-03-31
CHO,73,18,2024-03-31
LAL,74,41,2024-03-31
BRK,74,29,2024-03-31
MIA,73,40,2024-03-31
WAS,74,14,2024-03-31
OKC,73,51,2024-03-31
NYK,73,44,2024-03-31
PHI,74,39,2024-03-31
TOR,73,23,2024-03-31
UTA,74,29,2024-03-31
SAC,73,42,2024-03-31
ATL,74,34,2024-04-01
CHI,75,36,2024-04-01
BOS,74,58,2024-04-01
CHO,74,18,2024-04-01
BRK,75,29,2024-04-01
IND,75,42,2024-04-01
MEM,74,24,2024-04-01
DET,74,13,2024-04-01
PHO,74,43,2024-04-01
NOP,74,45,2024-04-01
POR,74,19,2024-04-01
ORL,74,43,2024-04-01
CLE,75,45,2024-04-02
UTA,75,29,2024-04-02
DAL,74,45,2024-04-02
GSW,74,40,2024-04-02
HOU,74,38,2024-04-02
MIN,74,51,2024-04-02
LAC,74,47,2024-04-02
SAC,74,43,2024-04-02
LAL,75,42,2024-04-02
TOR,74,23,2024-04-02
MIL,74,47,2024-04-02
WAS,75,14,2024-04-02
NYK,74,44,2024-04-02
MIA,74,41,2024-04-02
OKC,74,52,2024-04-02
PHI,75,40,2024-04-02
SAS,75,18,2024-04-02
DEN,75,52,2024-04-02
CLE,76,46,2024-04-03
PHO,75,44,2024-04-03
DET,75,13,2024-04-03
ATL,75,35,2024-04-03
IND,76,43,2024-04-03
BRK,76,29,2024-04-03
LAL,76,43,2024-04-03
WAS,76,15,2024-04-03
MEM,75,25,2024-04-03
MIL,75,47,2024-04-03
OKC,75,52,2024-04-03
BOS,75,59,2024-04-03
ORL,75,44,2024-04-03
NOP,75,45,2024-04-03
POR,75,19,2024-04-03
CHO,75,18,2024-04-03
TOR,75,23,2024-04-03
MIN,75,52,2024-04-03
ATL,76,36,2024-04-04
DAL,75,45,2024-04-04
DEN,76,53,2024-04-04
LAC,75,47,2024-04-04
GSW,75,41,2024-04-04
HOU,75,38,2024-04-04
PHI,76,41,2024-04-04
MIA,75,42,2024-04-04
SAC,75,44,2024-04-04
NYK,75,44,2024-04-04
DET,76,13,2024-04-05
MEM,76,26,2024-04-05
GSW,76,42,2024-04-05
DAL,76,46,2024-04-05
MIA,76,42,2024-04-05
HOU,76,38,2024-04-05
MIN,76,53,2024-04-05
PHO,76,45,2024-04-05
NYK,76,45,2024-04-05
CHI,76,36,2024-04-05
OKC,76,52,2024-04-05
IND,77,43,2024-04-05
ORL,76,45,2024-04-05
CHO,76,18,2024-04-05
POR,76,20,2024-04-05
WAS,77,15,2024-04-05
SAC,76,44,2024-04-05
BOS,76,60,2024-04-05
SAS,76,18,2024-04-05
NOP,76,45,2024-04-05
TOR,76,23,2024-04-05
MIL,76,47,2024-04-05
UTA,76,29,2024-04-05
LAC,76,48,2024-04-05
ATL,77,36,2024-04-06
DEN,77,53,2024-04-06
CLE,77,46,2024-04-06
LAL,77,44,2024-04-06
DET,77,13,2024-04-06
BRK,77,30,2024-04-06
PHI,77,42,2024-04-06
MEM,77,27,2024-04-06
CHI,77,37,2024-04-07
ORL,77,45,2024-04-07
CLE,78,46,2024-04-07
LAC,77,49,2024-04-07
HOU,77,38,2024-04-07
DAL,77,47,2024-04-07
MIA,77,43,2024-04-07
IND,78,44,2024-04-07
MIN,77,53,2024-04-07
LAL,78,45,2024-04-07
NOP,77,45,2024-04-07
PHO,77,46,2024-04-07
NYK,77,45,2024-04-07
MIL,77,47,2024-04-07
OKC,77,52,2024-04-07
CHO,77,19,2024-04-07
PHI,78,43,2024-04-07
SAS,77,19,2024-04-07
POR,77,21,2024-04-07
BOS,77,61,2024-04-07
SAC,77,44,2024-04-07
BRK,78,31,2024-04-07
UTA,77,29,2024-04-07
GSW,77,42,2024-04-07
WAS,78,15,2024-04-07
TOR,77,24,2024-04-07
BOS,78,62,2024-04-09
MIL,78,47,2024-04-09
DAL,78,48,2024-04-09
CHO,78,19,2024-04-09
DEN,78,54,2024-04-09
UTA,78,29,2024-04-09
DET,78,13,2024-04-09
PHI,79,44,2024-04-09
GSW,78,43,2024-04-09
LAL,79,45,2024-04-09
IND,79,45,2024-04-09
TOR,78,25,2024-04-09
LAC,78,50,2024-04-09
PHO,78,46,2024-04-09
MIA,78,43,2024-04-09
ATL,78,36,2024-04-09
NOP,78,46,2024-04-09
POR,78,21,2024-04-09
NYK,78,46,2024-04-09
CHI,78,37,2024-04-09
ORL,78,46,2024-04-09
HOU,78,38,2024-04-09
SAC,78,45,2024-04-09
OKC,78,53,2024-04-09
SAS,78,19,2024-04-09
MEM,78,27,2024-04-09
WAS,79,15,2024-04-09
MIN,78,54,2024-04-09
CHO,79,19,2024-04-10
ATL,79,36,2024-04-10
DAL,79,49,2024-04-10
MIA,79,44,2024-04-10
MEM,79,27,2024-04-10
CLE,79,46,2024-04-10
MIN,79,55,2024-04-10
DEN,79,55,2024-04-10
ORL,79,46,2024-04-10
MIL,79,48,2024-04-10
PHO,79,46,2024-04-10
LAC,79,51,2024-04-10
SAS,79,20,2024-04-10
OKC,79,54,2024-04-10
TOR,79,25,2024-04-10
BRK,79,31,2024-04-10
CHI,79,37,2024-04-11
DET,79,13,2024-04-11
GSW,79,44,2024-04-11
POR,79,21,2024-04-11
HOU,79,39,2024-04-11
UTA,79,29,2024-04-11
NOP,79,47,2024-04-11
SAC,79,45,2024-04-11
NYK,79,47,2024-04-11
BOS,79,62,2024-04-11
ATL,80,36,2024-04-12
MIN,80,55,2024-04-12
BRK,80,32,2024-04-12
NYK,80,48,2024-04-12
CHI,80,38,2024-04-12
WAS,80,15,2024-04-12
CHO,80,20,2024-04-12
BOS,80,62,2024-04-12
DEN,80,56,2024-04-12
SAS,80,20,2024-04-12
DET,80,13,2024-04-12
DAL,80,50,2024-04-12
HOU,80,39,2024-04-12
POR,80,21,2024-04-12
IND,80,46,2024-04-12
CLE,80,47,2024-04-12
LAL,80,45,2024-04-12
MEM,80,27,2024-04-12
MIL,80,49,2024-04-12
OKC,80,55,2024-04-12
NOP,80,48,2024-04-12
GSW,80,45,2024-04-12
ORL,80,46,2024-04-12
PHI,80,45,2024-04-12
PHO,80,47,2024-04-12
SAC,80,45,2024-04-12
TOR,80,25,2024-04-12
MIA,80,44,2024-04-12
UTA,80,30,2024-04-12
LAC,80,51,2024-04-12
ATL,81,36,2024-04-14
IND,81,46,2024-04-14
BRK,81,32,2024-04-14
PHI,81,46,2024-04-14
CHI,81,39,2024-04-14
NYK,81,49,2024-04-14
CHO,81,20,2024-04-14
CLE,81,48,2024-04-14
DAL,81,50,2024-04-14
OKC,81,56,2024-04-14
DEN,81,56,2024-04-14
MEM,81,27,2024-04-14
DET,81,14,2024-04-14
SAS,81,21,2024-04-14
HOU,81,40,2024-04-14
LAC,81,51,2024-04-14
LAL,81,46,2024-04-14
NOP,81,49,2024-04-14
MIL,81,49,2024-04-14
ORL,81,46,2024-04-14
PHO,81,48,2024-04-14
MIN,81,56,2024-04-14
POR,81,21,2024-04-14
SAC,81,45,2024-04-14
TOR,81,25,2024-04-14
MIA,81,45,2024-04-14
UTA,81,31,2024-04-14
GSW,81,45,2024-04-14
WAS,81,15,2024-04-14
BOS,81,63,2024-04-14
